number,crawled_news_id,title,pub_date,text,related_stocks,keywords,sentiment,summary,뉴스의 긍정/부정/중립,,,키워드의 긍정/부정/중립,,성우,,,윤형,,
,,,,,,,,,성우,윤형,최종,성우_키워드 긍/부정,윤형_키워드 긍/부정,누가,무엇을,"왜, 언제 등등 나머지 추가 메모",누가,무엇을,"왜, 언제 등등 나머지 추가 메모"
1,16419,"KT·롯데카드 청문회-13 ""해킹은 사고지만 은폐·축소는 범죄""",2025/10/05 11:39,"김영섭 KT 대표가 더불어민주당 노종면 의원의 질의를 듣고 있다. 24 유튜브 갈무리 더불어민주당 노종면 의원은 KT의 무단 소액결제, 서버 해킹 사태에 대해 해킹은 사고지만, 이후 대응 과정에서의 은폐·축소 행위는 범죄의 영역 이라며 KT가 사고 이후 보인 부실한 대응에 대해 책임을 추궁했다. 특 경찰 수사관이 무단 소액결제 사태와 관련 KT에게 문의하는 과정에서 KT 본사 감사실과 광명지사, 구로지사 등이 서로 자기 관할이 아니라고 책임을 떠넘기는 바람에 수사가 늦어졌다며 추가 피해를 막을 수 있는 골든타임에 사고의 책임자인 KT가 경찰을 뺑뺑이 돌렸다 면서 KT라는 조직이 완전 망가졌다는 증거 라고 지적했다. 노종면 의원은 한편 KT가 서버 해킹 사실을 인지한 이후 해당 서버를 폐기한 데 대해 황태선 KT 정보보안실장이 김영섭 대표에게 보고하지 않고 서버 폐기를 해당 부서에 요청했다 고 답변하자 증거 인멸이 맞다 고 지적했다. 다음은 더불어민주당 노종면 의원과 김영섭 KT 대표, 황태선 KT 정보보안실장 등의 질의응답 노종면 김영섭 대표께 질의하겠습니다. 해킹 사고 이거는 그 자체가 용납되면 안 되는 일이지만 그래도 그건 침해 사고라고 부르잖아요. 그런데 그 이후의 대응 과정에서 은폐·축소 이러한 부분은 범죄의 영역입니다. 앞선 답변을 들어 보니까 처리해야 될 분량이 많다, 그러니까 업무량이 많다고 표현하신 것 같고 또 시간이 많이 걸려서 그렇지 은폐·축소의 의도는 없었다 이런 취지로 답을 했고 초기에 또 침해가 아닌 스미싱으로 의심하는 그런 판단의 실수라고 할 수 있는 취지의 답변 그러니까 역부족이었다는 얘기지요. 은폐나 또는 축소의 시도는 아니었다. 지금 국회에 증인으로 나오신 KT라는 국가기간통신사의 대표가 이렇게 답을 했습니다. 그런데 지금 드러나 있는 여러 가지 사실관계를 보면 지금 솔직하게 은폐·축소했음을 인정하고 사과하고 앞으로라도 그런 일이 재발하지 않겠다라고 약속하셔야 됩니다. 오늘 조금 전까지 하셨던 발언은 제 판단으로는 은폐·축소의 연장선이에요. 왜 그런지 구체적으로 설명을 드리겠습니다. 드러나 있는 사실관계 그대로 보시고 다시 한번 본인의 입장을 밝 기회를 드리겠습니다. PPT 보겠습니다. 저희 의원실에서 KT에 질의해서 받은 답변으로 만들어 놓은 사건 일지예요. 7, 8월 상황은 언급도 안 하겠습니다. 9월 상황만 보세요. 9월 1일에 광명경찰서로부터 통보를 받았어요. 인정하시지요? 그냥 통보를 한 게 아니라 소액결제 피해라고 그렇게 통보를 해 왔습니다. 그런데 어찌된 일인지 9월 4일에서야 KT는 원인 파악을 시작했다고 했어요. 이 사흘 동안 도대체 무슨 일이 있었나. 그리고 9월 5일에 ARS 비정상 결제, 소액결제가 이루어진 이 시스템을 차단하게 됩니다. 실질적인 조치가 이때 처음 이루어집니다. 그리고 9월 8일에 KISA에 신고를 하게 됩니다. 다음 PPT 보겠습니다. 지금 보고 계신 게 9월 8일 신고한 내용입니다. KT가 신고한 거예요. 허위 신고예요. 시점 보십시오, 사고 발생 시간을. 확인이 불가하다고 했어요. 그리고 사고 인지 시점을 9월 8일 15시라고 했습니다. 경찰이 9월 2시에 통보를 해 줬는데 사흘 동안 아무것도 안 하다가 9월 4일에서 원인 파악 시작하고 그 전에 뭔가 파악을 했으니까 결제 차단을 했을 거 아니에요. 그런데 왜 이상 징후가 없다고 얘기해요. 왜 사고 인지 시점을 9월 8일로 합니까? 명백한 허위 신고지요. 이랬는데도 축소·은폐가 아니에요? 저 신고 자체가 실수입니까, 8월에도 이상 징후 없다고 허위 신고해 놓고? 다음 PPT 보겠습니다. 우리 정보통신망법과 해당 시행령은 인지한 시점으로부터 24시간 이내에 신고하도록 돼 있어요. 9월 5일에 ARS 비정상 결제를 차단시켜 놓고 신고를 9월 8일에 해요? 그러니까 이 위법 상황을 모면하기 위해서 사고 발생 인지한 시점도 허위로 하고 이상 징후가 없다는 거짓말도 버젓이 집어넣고. 경찰 통보를 받은 9월 1일부터 그 직후 며칠 동안 이 시기는 매우 중요합니다. 피해가 이미 드러난 것은 어쩔 수 없지만 추가 피해를 막을 수 있는 골든타임이에요. 매우 중요한 시점이에요. 그 기간 동안 KT에서 무슨 일이 벌어졌는지 보시겠습니다. 9월 1일 오후 4시경에 광명경찰서가 KT광명, 광명에서 일어난 소액결제 피해이기 때문에 KT광명에 전화를 합니다. 그랬더니 거기는 KT구로의 소관이니 KT구로에 가 보라고 해요. 그래서 수사관이 KT구로를 직접 방문합니다. 그랬더니 KT구로가 본사 법무실에 알아보라고 해요. 그래서 이 수사관은 본사 법무실로 전화를 겁니다. 이때까지가 9월 1일 오후 상황입니다. 그랬더니 본사 법무실에서 KT구로가 맞다, 담당 간부에게 알아보라고 하고 사무실 전화번호를 알려 줍니다. 그래서 그 다음날 수사관이 통화를 시도하는데 통화가 안 돼서 다시 본사 법무실에 전화를 합니다. 그랬더니 그 간부가 담당자 맞다, 휴대전화번호를 재차 알려 줍니다. 다음 페이지 보겠습니다. 그 직후에 사실을 해 달라고 간부랑 통화가 이루어져서 수사관이 처음 해당 간부랑 만 하루만에 통화가 이루어집니다. 그랬더니 담당 간부 왈 본사 법무실에서 저 사람이 담당자라고 했는데 저는 장비 운용만 합니다, 기술적인 부분은 모릅니다. 그래서 수사관은 또 헤맵니다. 그래서 법무실에 다시 문의를 합니다. 그랬더니 경찰에다 피해자 신원정보를 요구해요. 경찰이 안 줬어요. 그랬더니 이번에는 재차 본사 법무실에서 수사관한테 전화를 해서 또 달라고 해요. 이것을 언론이 뺑뺑이라고 보도하더군요. 저희 의원실에서 이 상황을 파악해서 언론에 알렸더니 뺑뺑이라고 표현합니다. 뺑뺑이 맞잖아요. 이래 놓고 역부족이었어요? 이래 놓고 일할 분량이 많아서 놓친 거예요? 어디 국회에 나와서 거짓말을 합니까? 이건 능력과 전문성의 문제가 아닙니다. KT라는 조직이 완전 망가졌다는 증거예요. 그냥 망가진 정도가 아닙니다. 상층부에 뭔가 문제가 생기면 숨기려고 하는 이 음험한 조직문화가 KT 전체를 국가기간통신사가 아니라 글로벌 기업이 아니라 매우 후진적이고 부조리한 기업으로 전락시켜 버린 거예요. KT 직원들한테 창피한 줄 아십시오. KT를 사용하고 있는 고객들에게 책임감을 느끼십시오. 앞서 우리 위원들 직에 관한 질의했을 때 뭐라고 답했습니까? 지금 대표이사직에 대해서는 얘기할 시점이 아니다 부적절하다? 어디 국회에 나와서 부적절을 따집니까? 수습에도 별 도움이 안 될 것 같아요, 여기 나와 계신 분들. 빨리 거취에 대해서 표명하는 것이 그나마 고객에 대한 도리라고 생각합니다. 이상입니다. 노종면 황태선 실장님, 질문이 실장님께 몰려서 질문하는 입장에서 마음이 무겁다라는 점은 엄밀 말씀드립니다. 본인의 책임은 할 수 없습니다. 인정하고 합당한 책임을 지면 그건 사람으로서 견딜 수 있습니다. 그런데 남의 책임을 조직의 논리로 또는 다른 이유로 짊어지시는 것만은 꼭 피해 주시기를 진심으로 바랍니다. 그건 참 견디기 들 거예요, 본인에게뿐만 아니라 주변에도. 서버 파괴와 관련해서 외부 업체의 의견은 미사용 계정에서 의심 정황 1건이 있다는 거였고요. 미사용 계정으로 뚫린 게 롯데카드 사건이에요, 이번에. 그것에 계속 찜찜했다고 하셨어요. 외부 업체의 이러한 의견을 김영섭 대표에게 보고했습니까? 황태선 KT 정보보안실장 원격상담 시스템 관련 노종면 보고 했습니까, 안 했습니까? 황태선 KT 정보보안실장 보고를 하진 않았습니다. 노종면 왜 안 했습니까? 황태선 KT 정보보안실장 그때 당시 노종면 본인이 이와 관련된 실무 최고 책임자로서 보고해야 될 책임이 있는데 이것은 그냥 정황이고 찜찜한 수준이니까 보고 안 하신 건가요? 황태선 KT 정보보안실장 노종면 하여튼 보고는 안 했다? 황태선 KT 정보보안실장 예, 그렇습니다. 노종면 KISA에도 안 알렸고? 황태선 KT 정보보안실장 KISA에는 침해 정황이 없다고 보고 노종면 아예 없다고 보고를 했어요? 황태선 KT 정보보안실장 예, 그렇습니다. 노종면 본인 책임으로 지금 다 이렇게 했다는 거예요? 의심 정황을 CEO한테 보고하지 않았다는 점, KISA에도 알리지 않은 점 이것 다 본인 책임으로 했다는 거예요? 정확하게 답해 주세요. 황태선 KT 정보보안실장 예, 그렇습니다. 노종면 그래서 서비스 조기 종료를 요청했다 찜찜했기 때문에 이 서비스를 진행하다가는 혹시 이런 생각으로 조기 종료를 판단하신 거지요? 황태선 KT 정보보안실장 예, 유출 정황이 특정되지 않다 보니까 그런 생각이 들었습니다. 노종면 뭐가 뭔지 모르겠지만 일단 이 서비스 진행하다가 어디서 뭐가 튀어나올지 모르겠다 그래서 지금 다른 위원님들이 그런 생각을 했으면 더 찾거나 증거를 보전하거나 이랬어야 된다고 얘기하는 거예요. 그건 당연 이해되실 거고. 서비스 조기 종료를 지시한 겁니까, 요청한 겁니까? 황태선 KT 정보보안실장 정확 는 요청하였습니다. 노종면 요청을 했다라는 것은 서버 폐기를 전제하고 요청하신 거예요? 이 요청을 수용하면 서버는 폐기되는 겁니까? 황태선 KT 정보보안실장 예, 그렇게 알고 있습니다. 노종면 그러니까 서버가 폐기됨을 알고도 관련 부서에 요청한 거예요? 황태선 KT 정보보안실장 예, 해당 서버는 VM서버라 해서 노종면 아니, 그것은 다른 데서 설명하세요. 그러면 서비스 조기 종료 요청을 받아들이면 서버가 폐기됨을 알고도 그 요청을 했고 그리고 실제로 실행이 됐고 그리고 이 상황을 CEO에게는 보고하지 않았다, 맞습니까? 지금 설명하신 걸로 보면 맞는 것 같아요. 맞아요? 아니면 지금 아니라고 말씀하셔야 됩니다. 황태선 KT 정보보안실장 예, 그렇습니다. 노종면 본인이 그렇게 다 한 거예요, 보고 없이? 황태선 KT 정보보안실장 대표님께는 보고하지 않았고 제가 서비스 조기 전환 검토 요청은 드렸습니다. 노종면 그러면 누가 이 요청을 수용한 겁니까? 수용한 책임자가 누구예요? 황태선 KT 정보보안실장 여기에는 사업부서하고 실제 노종면 그러니까 누구예요? 회사 사람인데 아실 것 아닙니까. 지금 시간 없어요. 빨리 얘기하세요. 이 서비스를 중단시키는 판단은 누가 하는 겁니까? 황태선 KT 정보보안실장 그것은 확인해 보도록 하겠습니다. 제가 그 실무 또는 임원까지는 노종면 대표님, 이 해당 서비스 종료하는 실무 책임자 누구예요? 김영섭 KT 대표 C부문, 사업 부문의 신 무슨 상무 황태선 KT 정보보안실장 신영준 상무. 김영섭 KT 대표 신영준 상무라고 알고 있습니다. 노종면 여기 나와 있어요? 김영섭 KT 대표 오늘은 여기 나오지 않았습니다. 노종면 이 서비스가 조기 종료되면 서버는 폐기되고 이 서버가 폐기되면 백업이 자동으로 이루어집니까? 그 당시에 몰랐더라도 사후에 그렇게 확인됐어요? 황태선 KT 정보보안실장 거기까지도 확인 못 하였습니다. 노종면 증거 인멸이 맞네요, 그냥. 알겠습니다. 들어가셔도 좋습니다. 오늘 오전 질의에서 KT가 9월 1일 광명경찰서로부터 소액결제 피해 상황을 통지받고서도 그것을 제대로 접수 안 하고 부서들, 지사들 뺑뺑이 돌려서 대응이 늦어졌다, 결국 KT는 9월 5일에야 의심 가는 비정상 결제의 차단조치를 취했다, 대표님, 아시지요? 김영섭 KT 대표 예. 노종면 그 기간 동안에 소액결제 피해, 이 피해 건수가 전체 소액결제 피해 건수의 3분의 2가 발생했습니다. 이것도 알고 계세요? 김영섭 KT 대표 예. 노종면 이게 무슨 얘기냐 하면 단순 일 양이 많아서, 대응력이 부족해서가 아니라 뺑뺑이 돌리는 바람에, 회사가 회사로서의 기본적인 기능을 안 하는 바람에 일어나지 않아도 되는, 막았어야 하는 추가 피해를 못 막은 거예요. 이래 놓고도 사후에 KISA에 늑장 보고했지요? 그 보고가 또 허위였지요? 그런데 이게 은폐·축소가 아닙니까? 여기에 대한 최종 책임자는 김영섭 대표고. 부인하실 수 있겠어요? 못 하실 겁니다, 못 하셔야 되고요. 이런 사례가 또 있어요. PPT 보시겠습니다. 지금 유출된 IMSI·IMEI 건수가 2만여 건이라고 KT도 인정하고 있어요. 더 있을지도 모르는 거고. 주로 어떤 서비스 가입자가 이런 유출 사고를 당했을 피해자입니까? 김영섭 KT 대표 소액결제 서비스 노종면 아니요, 2만여 건이요. 어떤 가입자예요, 어떤 서비스 가입자예요? 3G예요, LTE예요, 5G예요? 김영섭 KT 대표 5G·LTE 다 있는 것으로 저는 알고 있는데 확인을 추가로 해 봐야 되겠습니다. 노종면 그런데 저 기사 보십시오. 이게 9월 11일 자 김영섭 대표님 휘하의 실무 본부장이 발표한 거예요, IMSI 유출 전부 다 LTE다. 언론들이 일제 다 보도했습니다. 그런데 저희가 확인해 보니까 지금 김영섭 대표님이 알고 계신 대로 5G 가입자가 소액결제 피해의 95%로 확인됩니다. 그런데도 9월 11일에 실무 본부장이 저렇게 발표를 했어요. 그래서 의원실에서 최민희 1분 더 드리세요. 노종면 보도자료를 내고 어제 언론에서 보도를 하니까 KT가 무슨 얘기냐, 이것은 신호체계에 관한 발표였다. 그때 5G가 펨토셀에 접촉이 되면서, 연결이 되면서 신호가 LTE로 바뀌는 그런 현상이 나타났으면 9월 11일에 그렇게 설명을 했어야지요. 보도가 저렇게 돼서 5G는 문제가 없는 것처럼 보도가 나가고 십여 일 동안에 그 기간 동안 KT는 가만 있었어요. 김영섭 대표는 5G 피해자가 있다라는 것을 언제 알았습니까? 김영섭 KT 대표 근래에 알았는데, 제가 조금 말씀드려도 되겠습니까? 제가 아는 바로는 5G는 5G로 통신을 하다가 5G가 약하게 되면 LTE로 자동으로 연결되는 건데, 5G 가입자가 LTE로 연결되는 건데 불법 펨토셀은 전부 다 LTE·4G에만 연동하도록 돼 있다 이런 말씀을 아마 보고드리는 거였다고 제가 압니다. 그래서 그때 저 보고를 한 배석자가 지금 나와 있기 때문에 혹시나 자세한 사항 말씀드려도 될까요? 노종면 추가질의에서 하겠습니다. 최민희 일단 답은 좀 들어 볼까요? 노종면 아니요, 이따가 추가질의할 때 그때 한꺼번에 해야 될 것 같아요. 시간을 더 주시면 지금 하고. 노종면 시작하기 전에 LTE 신호전환 관련해서 답하실 분 있다 그랬잖아요? 그분 좀 나와 주시고 그리고 업무준칙 변경과 관련해서 답하셨던 분 있지요? 같은 분이신가요? 대기해 주세요. 질의 시작하겠습니다. 5G는 신호가 약하면 자동으로 LTE로 전환된다, 그게 잡 거다 이렇게 설명하셨어요. 맞아요? 구재형 KT 네트워크기술본부장 네트워크기술본부장 구재형입니다. 구재형 KT 네트워크기술본부장 예, 맞습니다. 노종면 PPT 띄워 주십시오. 9월 11일 자 보도된, 유출된 건 모두 다 LTE다 그렇게 발표하셨던 거예요, 그런 의미로? 구재형 KT 네트워크기술본부장 당시에 네트워크에 대해서 설명을 분이 질문을 하셔서 노종면 그래서 보도가 저렇게 나가면 오해의 소지가 있어요, 없어요? 구재형 KT 네트워크기술본부장 제가 확인을 못 한 점 죄송합니다. 노종면 저 보도를 확인을 못 했다고요? 구재형 KT 네트워크기술본부장 예, 제가 저 보도는 노종면 저 보도가 오해의 소지가 있다는 것은 아시지요? 구재형 KT 네트워크기술본부장 예, 지금 보고 노종면 또 하나, 해커가 다른 방식으로 신호를 증폭시키거나 해 가지고 LTE 신호가 더 커지게 해서 피해자의 폰을 강제로 접속시키는 그런 방법은 불가능합니까? 구재형 KT 네트워크기술본부장 기자 브리핑 때 그런 방식을 썼을 거라고 말씀을 드렸습니다. 노종면 그것도 말했어요? 구재형 KT 네트워크기술본부장 예. 노종면 그러면 다음 것 보세요. 발표를 저렇게 했어야 되는 거예요. 5G도 간단하게 신호 전환돼 가지고 뚫릴 수 있는 거다, 실제로 뚫렸다 그렇게 명확하게 설명을 하셨어야 되고 그리고 보도가 나오면 이것 오해의 소지가 있다라고 해야 돼요. 그래야 의심을 안 받습니다. 다음 것 보세요. 그런데 후자가 훨씬 더 가능성이 커 보여요. 해커가 고의로 5G 고객이 80%니까 그것을 잡기 위해서 했던 것 같지 않습니까? 그러면 조금 전에 김영섭 대표님도 쓰다 보면 신호가 약하면 5G가 자동으로 LTE로 전환된다 이렇게 설명하시면 안 되는 거예요. 5G 고객을 노리고 해커들이 그 신호를 전환시켜서 잡은 것 같다 이렇게 설명을 하셨어야 됩니다. 그래서 자꾸 은폐·축소하는 쪽으로 답변이 이루어지고 있다라는 지적을 하는 거예요. 5G 가입자가 80%인데 LTE 신호를 잡는 그 장비에 잡혔으면 대부분이 LTE이고 예외적으로 5G가 잡 는 게 맞는 거지 그런데 소액결제 피해를 당한 사람들 95%가 5G면 5G가 더 강조돼야 되는 것 아닙니까? 해커의 고의성이 더 강조돼야 되는 것 아닙니까? 그래야 수사를 하든 조사를 하든 실질적인 사후 대책이라도 찾아지는 거지요. 들어가십시오. 구재형 KT 네트워크기술본부장 죄송합니다. 노종면 조금 전에 업무준칙 변경 관련해서 표준 규정을 따랐고 타사도 내용이 같다라고 답하셨습니까? 김영걸 KT 서비스프로덕트 본부장 예, 그렇게 말씀드렸습니다. 노종면 다음 것 보십시오, PPT. 이게 SKT 거예요. SKT 가장 최근에 변경할 때 면책의 범위를 줄였어요, SKT는. 원래 있던 면책 항목들을 확 줄였습니다. 결과적으로 그래서 KT랑 같아졌어요, 저 부분에서는. 다음 것 보시겠습니다. LG텔레콤은 아예 면책 규정 자체를 삭제해 버렸어요. 다음 것 보시지요. KT, 어떻게 바꿨습니까? 9. 9, 밑에 있는 것 저게 같아졌다고 얘기하는 거예요. 앞에 중복된 문장이 있어서 확인해 보니까 맞더군요. 저것을 삭제한 것을 가지고 타사랑 같다라고 지금 말씀하시는 건데 아까 말씀드린 대로 타사는 배상책임 항목을 줄였습니다, 삭제하거나. 그런데 KT 보십시오, 개정 전과 후. 앞선 위원님들이 이미 다 지적한 거예요. 손해가 발생했을 때 책임 부담하는 것은 너무나 당연한데 노력을 취하면, 존경하는 이훈기 위원님께서 이것은 주관적으로 평가할 대목이기 때문에 저것을 넣어서 KT에 앞으로 다가올지도 모르는 배상책임을 면하려고 꼼수를 쓴 거라고 지적하잖아요. 그런 의도에 대해서 항변하실 수는 있겠지만 아까처럼 거짓 해명을 하면 안 되지요. 타사랑 똑같다니요? 완전 거꾸로 바꿨는데. 제 지적이 틀려요? 타사는 면책 범위 줄인 것 아닙니까? 김영걸 KT 서비스프로덕트 본부장 제가 말씀드린 것은, 9조 9항에 있던 내용은 9조 2항 1에 노종면 그 부분은 맞다고 제가 말씀드렸잖아요. 김영걸 KT 서비스프로덕트 본부장 두 번째 노종면 그러니까 A를 물어보면 A와 연결된 A-1, A-2는 안 봅니까? 이것을 물어봤으니까 이것만 대답하자? 그리고 9. 1 저것은 아침부터 질의가 나왔던 거잖아요. 아시잖아요? 김영걸 KT 서비스프로덕트 본부장 예, 알고 있습니다. 노종면 저 부분에서 KT의 책임을 슬그머니 줄여 놨는데 그 부분 지적은 모른 척하고 지금 나한테 주어진 질문은 9. 9니까 저것만 대답하자? 그게 책임져야 할 회사 고위 간부의 자세입니까? 들어가십시오.",KT,"소액결제, 해킹, 대응, 은폐, 축소, 책임",부정,"KT의 무단 소액결제 및 서버 해킹 사태에 대한 국회의원 질의에서, KT의 부실한 대응과 은폐, 축소 시도가 지적됨.",부정,부정,부정,"부정,부정,부정,부정,부정,중립","부정, 부정, 중립, 부정, 부정, 중립",KT,"해킹, 소액결제","은폐, 축소",KT,"소액결제, 해킹","은폐, 축소"
2,16459,"로밍부터 OTT까지 한 번에 SKT, 추석 연휴 특별 혜택 대공개",2025/10/05 10:02,"SK텔레콤이 추석 연휴를 맞아 로밍, 멤버십, 구독 서비스 T 우주 , 체험형 공간 T팩토리 성수 등을 통해 고객 맞춤형 이벤트와 혜택을 풍성하게 마련했다. 이번 프로모션은 여행지 안팎에서 통신과 콘텐츠를 끊김 없이 즐길 수 있도록 구성돼 명절 연휴를 더욱 편리하고 즐겁게 만들어준다. SKT는 우선 해외여행을 떠나는 고객들을 위해 바로 로밍 요금제 와 T기내 와이파이 를 결합한 여행 전용 서비스를 제안했다. 바로 요금제는 3GB부터 24GB까지 선택해 전 세계 195개국에서 최대 30일간 사용 가능하며, 만 34세 이하 고객에게는 데이터 1GB 추가 제공 혜택이 주어진다. 또 에이닷 전화를 이용하면 해외 발신·수신 통화가 무료, 데이터를 다 써도 400Kbps 속도로 무제한 이용 가능하다. 청년 전용 요금제 이용자는 로밍 요금 50% 할인도 받을 수 있다. 가족 단위 여행객은 가족로밍 으로 데이터를 최대 5명까지 공유할 수 있으며, 항공기 안에서도 T기내 와이파이 를 통해 실시간 인터넷을 이용할 수 있다. 비행 거리별로 초단거리 8,800원 장거리 2만9,700원까지 다양하게 선택 가능하며, 연말까지 baro 요금제 고객에게는 최대 50% 할인 또는 무료 이용 혜택이 제공된다. 해외 현지에서도 T멤버십 혜택을 그대로 누릴 수 있다. SKT는 10월 한 달간 베트남·태국 주요 맛집에서 T멤버십 바코드를 제시하면 대표 메뉴를 무료로 증정하는 스페셜 혜택 체크인 이벤트를 진행한다. 예를 들어, 베트남 나트랑의 목목스테이크 에서는 비프 스테이크 라지, 퍼틴 쌀국수 에서는 우대갈비 쌀국수, 푸꾸옥 선셋 비치바 에서는 립아이 스테이크가 무료로 제공된다. 태국 방콕의 나이쏘이 갈비 에서는 숏립 비프 스프국수와 스프링롤을 즐길 수 있다. 국내에서 명절을 보내는 고객을 위해서는 구독 플랫폼 T 우주 와 복합문화공간 T팩토리 성수 를 중심으로 한 혜택이 준비됐다. T 우주는 넷플릭스, 유튜브 프리미엄, 티빙, 웨이브, 디즈니플러스, 스포티비 나우 등 주요 OTT 6종을 한 번에 관리할 수 있는 통합 구독 서비스다. 신규 출시된 T 우주패스 TVING & Wavve 상품은 개별 구독 대비 매월 최대 1,600원 저렴하며, T멤버십 고객에게는 10월 6~10일 OTT 2개월 50% 할인 쿠폰이 추가로 제공된다. 특 여러 OTT를 동시에 구독할 경우 최대 15% 추가 할인을 받을 수 있고, YouTube Premium 구독 고객은 메가커피·베스킨라빈스 등 20개 브랜드 혜택 중 하나를 무료로 이용할 수 있다. 한편, 성수동에 새로 문을 연 T팩토리 성수는 Z세대를 중심으로 새로운 핫플 로 떠오르고 있다. AI 인터랙티브 아트, 토크쇼, 브랜드 팝업스토어 등 11가지 체험형 콘텐츠를 운영하며, 아이돌 데뷔 체험 같은 K-엔터테인먼트 중심 전시도 마련돼 있다. 추석 당일을 제외하고 연휴 내내 오전 11시부터 오후 8시까지 정상 운영된다. SKT 관계자는 고객이 해외에서든 국내에서든 풍성한 추석을 보낼 수 있도록 통신·콘텐츠·문화 혜택을 결합했다 며 로밍, 멤버십, T 우주, T팩토리 등으로 명절의 즐거움을 더할 수 있을 것 이라고 말했다.",SK텔레콤,"SK텔레콤, 로밍, 멤버십, T 우주, T팩토리, 이벤트",긍정,"SK텔레콤은 추석 연휴를 맞아 로밍, 멤버십, T 우주, T팩토리 등 다양한 서비스를 통해 고객 맞춤형 혜택을 제공한다.",긍정,긍정,긍정,"긍정,긍정,긍정,긍정,긍정,긍정","중립, 중립, 중립, 중립, 중립, 긍정",SK텔레콤,"로밍, 멤버십,T 우주",T팩토리,SK텔레콤,"서비스, 혜택",추석 연휴
3,16534,추석 연휴를 앞두고 고성능 전기차 시장 선점 나선 아우디·현대차 나...,2025/10/05 7:00,"현대차 2026 쏘나타 디 엣지 현대차 아이오닉 5 N '에센셜' 트림 이번 주는 아우디와 메르세데스-벤츠, 현대차가 신모델과 트림을 더하며 포트폴리오를 강화했다. 아우디는 레이싱 DNA를 계승한 고성능 전기차를 선보였고 메르세데스-벤츠는 우아함과 스포티함을 갖춘 고성능 쿠페로 라인업을 완성했으며 현대차는 대표 중형 세단의 상품성을 높이는 한편, 고성능 전기차의 진입 장벽을 낮췄다. 아우디 코리아가 레이싱 스포츠의 정신을 전기차로 계승한 고성능 라인업 RS의 최신 모델, 더 뉴 아우디 S e-트론 GT 및 더 뉴 아우디 RS e-트론 GT 퍼포먼스 의 부분변경 모델을 국내에 공식 출시한다. RS는 RennSport 의 약자로 레이싱에 대한 아우디의 혁신 정신을 상징하는 모델이다. 이번 부분변경 모델은 날렵해진 디자인과 강화된 주행 성능, 최신 인포테인먼트 및 편의 사양을 갖춘 것이 특징이다. 두 모델은 전·후방에 장착된 두 개의 전기 모터로 강력한 성능을 발휘한다. '더 뉴 아우디 S e-트론 GT'는 최고출력 435kW로, 정지 상태에서 시속 100km까지 3. 6초 만에 도달하는 성능이다. '더 뉴 아우디 RS e-트론 GT 퍼포먼스'는 최고출력 550kW를 발휘하며 정지 상태에서 시속 100km까지 2. 9초 만에 도달하는 기록적인 성능을 자랑한다. 두 모델 모두 105kWh 용량의 배터리를 탑재해 S e-트론 GT는 420km, RS e-트론 GT 퍼포먼스는 384km를 주행할 수 있다. '더 뉴 아우디 S e-트론 GT'의 가격은 1억7012만원, '더 뉴 아우디 RS e-트론 GT 퍼포먼스'의 가격은 2억2302만원이다. 현대차, 인기 사양은 다 더했다 2026 쏘나타 현대자동차 2026 쏘나타 디 엣지. 현대자동차 현대자동차가 국내 대표 중형 세단 쏘나타의 상품성을 강화한 연식 변경 모델 2026 쏘나타 디 엣지 를 국내 출시했다. 2026 쏘나타 디 엣지는 기존 고객들이 선호하는 사양들로 구성한 신규 트림 S 가 추가됐고 각 트림별로 다양한 편의 및 안전사양이 기본 적용된 것이 특징이다. S 트림은 기본 트림인 프리미엄 을 기반으로 12. 3인치 클러스터 및 내비게이션, 후측방 충돌방지 보조, 1열 통풍시트, 듀얼 풀오토 에어컨 등을 기본화해 상품 경쟁력을 높였다. 현대차는 프리미엄 트림에 전방 충돌방지 보조, 스마트 크루즈 컨트롤, ECM 룸미러, 트렁크 리드 조명을 기본 적용해 더욱 편리한 경험을 제공한다. 주력 트림인 익스클루시브 에는 원격 스마트 주차 보조, 서라운드 뷰 모니터, 후측방 모니터 등 다양한 편의 및 안전사양을 기본화했고 최상위 트림 인스퍼레이션 에 나파가죽 시트와 메탈 페달을 적용해 고급감을 더했다. 판매 가격은 스마트스트림 가솔린 2. 0 모델 프리미엄 2826만원, S 2956만원, 익스클루시브 3260만원, 인스퍼레이션 3549만원이다. 6 터보 모델은 프리미엄 2892만원, S 3022만원, 익스클루시브 3326만원, 인스퍼레이션 3615만원, N 라인 3674만원이다. 하이브리드 모델은 세제혜택 반영 기준으로 프리미엄 3270만원, S 3371만원, 익스클루시브 3674만원, 인스퍼레이션 3979만원이다. 우아함과 스포티함의 결합, 벤츠 CLE 53 쿠페 메르세데스-벤츠 코리아가 세련미와 스포티함을 동시에 갖춘 고성능 쿠페 메르세데스-AMG CLE 53 4MATIC 쿠페 를 국내에 선보인다. 이와 함께 15대 한정판인 리미티드 에디션 도 온라인으로 판매한다. CLE 쿠페 및 카브리올레 모델은 올해 1월부터 8월까지 총 2215대가 판매돼 시장 점유율 약 35%를 기록했다. 차량은 3. 0리터 직렬 6기통 엔진과 2세대 통합 스타터 제너레이터로 최고출력 449마력과 최대토크 57. m의 강력한 성능을 발휘한다. 또한 AMG 퍼포먼스 4MATIC 사륜구동, AMG 라이드 컨트롤 서스펜션, 리어 액슬 스티어링 등이 적용돼 역동적이면서도 안정적인 주행을 선사한다. 디지털 라이트와 360도 카메라 등 주행 보조 사양도 기본으로 갖추고 있다. 외관은 지면에 가깝게 설계된 '샤크 노즈' 형상의 후드와 확장된 펜더, 20인치 AMG 휠로 역동적인 비율을 구현한다. 내부는 파워 레드와 블랙 컬러의 투톤 나파 가죽 시트로 강인한 인상을 강조한다. 3세대 MBUX 인포테인먼트 시스템과 티맵 오토가 적용돼 있으며 무선 애플 카플레이, 열선 시트 및 스티어링 휠 등 국내 소비자가 선호하는 편의 사양이 탑재됐다. 가격은 일반 모델 1억770만원, 리미티드 에디션은 1억3130만원이다. 현대차 아이오닉 5 N의 진입 장벽 낮춘 에센셜 트림 아이오닉 5 N. 현대자동차 현대차가 첨단 전동화 기술을 집약한 고성능 전기차 아이오닉 5 N의 진입 장벽을 낮춘 신규 트림 에센셜 을 선보인다. 아이오닉 5 N 에센셜은 고출력 모터와 배터리 등 아이오닉 5 N의 핵심 고성능 사양은 그대로 유지하면서, 사양 최적화를 통해 가격을 기존 대비 약 200만원 낮춘 것이 특징이다. 에센셜 트림에는 전방 충돌방지 보조, 스마트 크루즈 컨트롤, 차로 유지 보조, 고속도로 주행 보조 등 주요 첨단 운전자 보조 시스템이 적용됐다. 특 현대차는 편리한 주차를 돕는 파킹 어시스트 Lite 패키지를 추가해 고객의 사용 편의성을 높였다. 해당 패키지는 서라운드 뷰 모니터, 후측방 모니터, 후방 및 측방 주차 충돌방지 보조 등으로 구성된다. 또한 모든 트림에서 선택 가능한 컴포트 플러스 패키지에 2열 리모트 폴딩 기능을 추가해 상품성을 강화했다. 아이오닉 5 N 에센셜의 판매 가격은 친환경차 세제혜택 적용 기준으로 7490만원이다.",현대차,"신모델, 트림, 출시, 상품성 강화, 가격",중립,"현대차, 아우디, 메르세데스-벤츠가 신모델 출시 및 트림 추가를 통해 포트폴리오를 강화하고 상품성을 높임.",긍정,긍정,긍정,"긍정,긍정,긍정,긍정,긍정","긍정, 중립, 긍정, 긍정, 중립",현대차,"신모델,전기차,아이오닉 5 N","  출시, 가격 인하","현대차, 아우디, 메르세데스-벤츠","신모델, 출시",
4,16578,"KB금융, '아동 야간 돌봄' 강화 적극 지원...복지부와 맞손",2025/10/05 1:40,"KB금융그룹이 보건복지부와 손잡고 '아동 야간 돌봄 공백 해소'를 위해 뛴다. 5일 KB금융 관계자에 따르면 양 기관은 업무협약을 체결하고 향후 적극적으로 이 문제를 논의하며, KB금융은 2026년부터 2028년까지 3년간 총 60억원을 야간 연장돌봄사업에 지원한다. 양종희 KB금융그룹 회장이 정은경 보건복지부 장관과 아동 야간 연장돌봄사업 관련 MOU를 체결 후 기념촬영에 응했다. 이번 협약은 최근 잇따른 화재로 인해 아이들이 희생되는 안타까운 사고를 계기로, 보건복지부에서 추진하고 있는 '아동 야간 연장돌봄사업'을 지원하기 위해 이뤄졌다. KB금융과 보건복지부는 기존 오후 8시까지만 운영되던 지역아동센터와 다함께돌봄센터 중 일부를 밤 12시까지 단계적으로 확대 운영한다. 부모의 부재 속에서도 아이들이 안전하게 지낼 수 있도록 야간 돌봄 공백을 줄이고, 야간에 근무하는 부모가 안심하고 생업에 전념할 수 있도록 지원한다. 정부와 민간이 을 모아 돌봄의 사각지대를 해소하는 이번 협업은 사회적 안전망을 한층 더 두텁게 만드는 모범적인 민·관 협력 사례가 될 전망이다. 예산은 아이들이 안전하고 편안하게 머물 수 있도록 야간 귀가 시 안전사고 책임보험 가입 등·하원 차량 운행 지원 침구류, 냉·난방 장비 구비 노후 시설 환경개선 등 인프라 개선 및 이용자인 보호자와 야간 종사자들을 위한 이용자 원스탑 안내체계 종사자 소진방지 프로그램 운영 등에 사용될 예정이다. 양종희 KB금융 회장은 ""아이들이 홀로 남겨지는 밤이 안전으로 채워지기를 바란다""고 말했다. 정은경 보건복지부 장관은 ""야간에도 일하시는 맞벌이 부부와 그 아동 등을 위해 흔쾌 큰 지원을 약속한 KB금융에 정말 감사하며, 민-관 합동의 선도모델로 야간 돌봄 공백 해소에 정말 큰 이 될 것으로 기대한다""고 말했다.",KB금융,"아동 야간 돌봄, 업무협약, 보건복지부, 사회공헌",긍정,KB금융그룹이 보건복지부와 협력하여 아동 야간 돌봄 공백 해소를 위해 60억원을 지원한다.,긍정,긍정,긍정,"긍정,긍정,긍정,긍정","긍정, 긍정, 중립, 긍정","KB금융, 보건복지부","아동 야간 돌봄, 업무협약",안전망 구축,"KB금융그룹, 보건복지부","아동 야간 돌봄 공백 해소, 업무협약, 지원",60억원
5,16581,"KB금융, 야간 연장돌봄사업에 60억원 지원",2025/10/05 0:24,"야감 생업 부모 걱정 해소 자정까지 운영 연장돌봄 지원 양종희 KB금융그룹 회장과 정은경 보건복지부 장관이 2일 서울 영등포구 KB국민은행 본점에서 아동 야간 돌봄 공백 해소를 위한 업무협약 을 체결한 뒤 기념사진을 찍고 있다. KB금융그룹은 보건복지부와 민관 협력을 통해 아동 돌봄 야간 연장 등 든든한 돌봄 안전망 구축에 적극 나선다. KB금융은 2일 서울 영등포구 KB국민은행 본점에서 보건복지부와 아동 야간 돌봄 공백 해소를 위한 업무협약 을 체결했다. 이번 협약은 최근 잇따른 화재로 인해 아이들이 희생되는 안타까운 사고를 계기로, 보건복지부에서 추진하고 있는 아동 야간 연장돌봄사업을 지원하고자 진행됐다. 협약에 따라 KB금융과 보건복지부는 기존 오후 8시까지만 운영되던 지역아동센터와 다함께돌봄센터 중 일부를 밤 12시까지 단계적으로 확대 운영한다. 부모가 같이 있지 않은 상태에서도 아이들이 안전하게 지낼 수 있도록 야간 돌봄 공백을 줄이고, 야간에 근무하는 부모가 안심하고 생업에 전념할 수 있도록 지원한다. KB금융은 이를 위해 2026년부터 2028년까지 3년간 총 60억원을 야간 연장돌봄사업에 지원한다. 아이들이 센터에 안전하고 편안하게 머물 수 있도록 야간 귀가 시 안전사고 책임보험 가입 등·하원 차량 운행 지원 침구류 및 냉·난방 장비 구비 노후 환경 정비 등 인프라 개선 야간 종사자들을 위한 이용자 원스톱 안내체계 종사자 소진방지 프로그램 운영 등에 이 예산이 사용될 예정이다. 양종희 KB금융 회장은 공공과 민간이 함께 돌봄 현장을 촘촘 잇는 협업을 통해 야간 근로자와 자영업자가 안심하고 생업에 종사할 수 있는 든든한 돌봄 안전망을 만들어 가겠다 고 말했다. KB금융은 돌봄 강화를 위한 현장 밀착형 지원을 꾸준 펼쳐오고 있다. 지난해에는 소상공인의 저출생 부담 완화를 위해 전국 주요 8개 지방자치단체와 협력해 아이돌봄 서비스 및 육아휴직자 대체 인건비 등을 지원했고, 학교 현장에서는 초등 돌봄교실 증설과 거점형 돌봄센터 구축을 지원한 바 있다.",KB금융,"아동 야간 돌봄, 업무협약, 보건복지부, 안전망 구축",긍정,"KB금융그룹이 보건복지부와 아동 야간 돌봄 공백 해소를 위한 업무협약을 체결하고, 60억원을 지원하여 야간 연장돌봄사업을 지원할 예정이다.",긍정,긍정,긍정,"긍정,긍정,긍정,긍정","긍정, 긍정, 중립, 긍정","KB금융, 보건복지부","아동 야간 돌봄, 업무협약",안전망 구축,"KB금융그룹, 보건복지부","아동 야간 돌봄 공백 해소, 업무협약, 지원",60억원
6,16625,"KB금융, '아동 야간 돌봄' 공백 해소 위해 보건복지부와 '맞손'",2025/10/04 20:32,"2일 여의도 KB국민은행 신관에서 진행된 아동 야간 돌봄 공백 해소를 위한 업무협약식 에서 양종희 KB금융그룹 회장과 정은경 보건복지부 장관이 협약서를 함께 들어보이고 있다 사진 KB금융그룹 KB금융그룹은 2일 여의도 KB국민은행 신관에서 정은경 보건복지부 장관과 양종희 KB금융그룹 회장이 참석한 가운데, 보건복지부와 아동 야간 돌봄 공백 해소를 위한 업무협약 을 체결했다고 4일 밝혔다. 이번 협약은 최근 잇따른 화재로 인해 아이들이 희생되는 안타까운 사고를 계기로 보건복지부에서 추진하고 있는 아동 야간 연장돌봄사업 을 지원하기 위해 이뤄졌다. KB금융과 보건복지부는 기존 오후 8시까지만 운영되던 지역아동센터와 다함께돌봄센터 중 일부를 밤 12시까지 단계적으로 확대 운영한다. 부모의 부재 속에서도 아이들이 안전하게 지낼 수 있도록 야간 돌봄 공백을 줄이고, 야간에 근무하는 부모가 안심하고 생업에 전념할 수 있도록 지원한다. 정부와 민간이 을 모아 돌봄의 사각지대를 해소하는 이번 협업은 사회적 안전망을 한층 더 두텁게 만드는 모범적인 민·관 협력 사례가 될 것으로 기대된다. 이번 협약을 통해 KB금융은 2026년부터 2028년까지 3년간 총 60억원을 야간 연장돌봄사업에 지원하기로 했다. 예산은 아이들이 안전하고 편안하게 머물 수 있도록 야간 귀가 시 안전사고 책임보험 가입 등·하원 차량 운행 지원 침구류, 냉·난방 장비 구비 노후 시설 환경개선 등 인프라 개선 및 이용자인 보호자와 야간 종사자들을 위한 이용자 원스탑 안내체계 종사자 소진방지 프로그램 운영 등에 사용될 예정이다. 양종희 KB금융 회장은 아이들이 홀로 남겨지는 밤이 안전으로 채워지기를 바란다 며, 보건복지부와 함께할 수 있어 감사하고, 공공과 민간이 함께 돌봄 현장을 촘촘 잇는 협업을 통해 야간근로자와 자영업자가 안심하고 생업에 종사할 수 있는 든든한 돌봄 안전망을 만들어 가겠다 고 다짐했다. 정은경 보건복지부 장관은 긴급상황 발생 시 부모님들이 걱정하지 않도록 아동 야간 연장돌봄에 대한 공적지원 체계를 새롭게 구축 중""이라며 ""야간에도 일하시는 맞벌이 부부와 그 아동 등을 위해 흔쾌 큰 지원을 약속해주신 KB금융그룹에 정말 감사하며, 민-관 합동의 선도모델로 야간 돌봄 공백 해소에 정말 큰 이 될 것으로 기대한다 고 밝혔다.",KB금융,"아동 야간 돌봄, 업무협약, 보건복지부, KB금융그룹 회장, 야간 연장돌봄사업",긍정,"KB금융그룹은 보건복지부와 아동 야간 돌봄 공백 해소를 위한 업무협약을 체결하고, 2026년부터 2028년까지 3년간 총 60억원을 지원할 예정이다.",긍정,긍정,긍정,"긍정,긍정,긍정,긍정,긍정","긍정, 긍정, 중립, 중립, 긍정","KB금융, 보건복지부","아동 야간 돌봄, 업무협약",안전망 구축,"KB금융그룹, 보건복지부","아동 야간 돌봄 공백 해소, 업무협약, 지원",60억원
7,16767,"KB금융, 보건복지부와 '야간 돌봄 공백 해소' 업무협약 체결",2025/10/04 12:56,"KB금융그룹은 지난 2일 서울 여의도 KB국민은행 신관에서 보건복지부와 아동 야간 돌봄 공백 해소를 위한 업무협약 을 체결했다고 밝혔다. 이번 협약은 최근 발생한 아동 안전사고를 계기로 추진된 보건복지부의 아동 야간 연장돌봄사업 을 민간이 지원하는 형태로 진행된다. 기존 오후 8시까지만 운영되던 지역아동센터와 다함께돌봄센터 일부가 자정까지 확대 운영된다. KB금융은 2026년부터 2028년까지 3년간 총 60억 원을 투입한다. 지원 예산은 야간 귀가 시 안전사고 책임보험 가입 등·하원 차량 운영 침구류·냉난방 장비 등 인프라 개선 노후 시설 개보수 이용자 안내체계 구축 야간 종사자 소진 방지 프로그램 운영 등에 활용된다. 양종희 KB금융 회장은 아이들이 홀로 남겨지는 밤이 안전으로 채워지길 바란다 며 야간근로자와 자영업자가 안심하고 생업에 전념할 수 있는 환경을 만들겠다 고 말했다. 정은경 보건복지부 장관은 야간 돌봄 공백 해소를 위한 공적 지원 체계를 강화하는 과정에서 KB금융의 지원이 큰 이 될 것 이라고 밝혔다. KB금융은 그동안 초등 돌봄교실 신·증설, 거점형 돌봄센터 구축, 지자체 협력 돌봄 서비스 지원 등 현장 중심의 아동 돌봄 지원 사업을 이어왔다.",KB금융,"아동 야간 돌봄, 업무협약, 보건복지부, 지원, 안전",긍정,KB금융그룹이 보건복지부와 아동 야간 돌봄 공백 해소를 위한 업무협약을 체결하고 3년간 60억 원을 투입하여 야간 돌봄 서비스 지원.,긍정,긍정,긍정,"긍정,긍정,긍정,긍정,긍정","긍정, 긍정, 중립, 긍정, 긍정","KB금융, 보건복지부","아동 야간 돌봄, 업무협약",확대 운영,"KB금융그룹, 보건복지부","아동 야간 돌봄 공백 해소, 업무협약, 지원",60억원
8,16813,현대차 전주공장서 근로자 추락사... 현대차 필요한 조처 다 할것,2025/10/04 10:33,"지난 3일 오후 9시 28분쯤 전북 완주군 봉동읍 현대차 전주공장 도장공장에서 철거작업을 하던 재하청업체 소속 A씨가 추락해 숨졌다. 현대자동차 전주공장에서 철거 작업 중이던 근로자가 추락해 숨져 경찰이 수사에 나섰다. 4일 전북경찰청에 따르면 지난 3일 오후 9시 28분쯤 전북 완주군 봉동읍 현대차 전주공장 도장공장에서 철거 작업을 하던 재하청 업체 소속 A씨가 5. 6m 아래로 떨어졌다. A씨는 신고를 받고 출동한 119구급대에 의해 병원으로 옮겨졌지만 숨졌다. 사고 당시 A씨는 구멍이 뚫린 2층 바닥을 철거하기 위해 작업 중 추락한 것으로 알려졌다. 경찰과 노동당국은 중대재해처벌법 및 산업안전보건법 위반 여부를 조사하고 있다. 현대차 측은 불의의 사고가 발생한 데 대해 매우 안타깝게 생각한다 고 밝혔다. 이어 유명을 달리하신 고인의 명복을 빌며, 유가족분들께도 깊은 위로의 말씀을 드린다 면서 이번 사고 원인 조사에 성실 임하고 필요한 조처에 최선을 다하겠다 고 했다. 현대차 전주공장은 이달부터 내년 1월까지 기존 1공장의 트럭 생산 설비를 2~3공장으로 옮기기 위한 대규모 설비 전환 공사를 진행 중이다.",현대차,"현대차 전주공장, 철거 작업, 사망 사고, 중대재해처벌법, 산업안전보건법",부정,현대차 전주공장 철거 작업 중 근로자가 추락해 사망하는 사고가 발생하여 중대재해처벌법 위반 여부를 조사 중.,부정,부정,부정,"부정,부정,부정,중립,중립","중립, 중립, 부정, 중립, 중립",현대차,"철거 작업, 사망 사고","현대차 전주공장, 중대재해처벌법, 산업안전보건법",근로자,"추락, 사망, 중대재해처벌법, 위반","현대차, 전주공장, 철거 작업"
9,16836,"어쩔수가없다' CJ ENM, 역대 영화 최고 해외 판매 달성 전세계로 가...",2025/10/04 10:04,"박찬욱 감독 영화 '어쩔수가없다'가 전 세계 유수 영화제의 공식 초청을 받은 데 이어 해외에서 연이어 개봉일을 확정, 글로벌 흥행을 예고하고 있다. '어쩔수가없다'는 '다 이루었다'고 느낄 만큼 삶이 만족스러웠던 회사원 '만수'가 덜컥 해고된 후, 아내와 두 자식을 지키기 위해, 어렵게 장만한 집을 지켜내기 위해, 재취업을 향한 자신만의 전쟁을 준비하며 벌어지는 이야기를 담는다. 박찬욱 감독이 가장 만들고 싶었던 이야기로 글로벌 영화 팬들의 뜨거운 관심을 받고 있는 '어쩔수가없다'가 전 세계 유수 영화제의 잇따른 공식 초청과 함께 참석자를 확정했다. 먼저 지난달 26일 개막한 63회 뉴욕영화제에는 박찬욱 감독과 이병헌이 참석을 확정, 현지 시각으로 10월 9일 공식 상영과 Q&A를 통해 관객들과 뜻깊은 만남을 가질 예정이다. 10월 8일부터 19일까지 열리는 69회 런던 국제영화제에도 '어쩔수가없다'가 공식 초청됐다. 이에 박찬욱 감독과 이병헌이 참석을 확정하며, 현지시각으로 10월 15일 공식 상영과 더불어 레드카펫에 올라 축제의 열기를 더할 것이다. 10월 29일부터 11월 5일까지 개최되는 12회 마이애미 국제영화제에서는 '어쩔수가없다'가 개막작으로 선정되어 축제의 시작을 알린다. 뿐만 아니라 박찬욱 감독은 영화계에 잊을 수 없는 공헌을 한 인물에게 수여되는 공 로상을 수상할 예정으로 전 세계의 이목을 집중시킨다. 한편 '어쩔수가없다'가 일찌감치 전 세계 200여 개국에 선판매되며 개봉 전 순제작비 이상의 세일즈 성과를 달성, CJ ENM이 배급한 역대 한국영화 최고 해외 판매 성적을 기록해 화제를 모았다. 9월 26일 몽골에서 개봉을 시작으로 10월 1일 인도네시아, 10월 9일 대만, 10월 23일 말레이시아와 싱가폴, 11월 6일 필리핀, 11월 12일 동유럽, 12월 4일 러시아와 CIS, 12월 25일 북미를 비롯, 2026년에는 더 많은 국가의 개봉을 앞두고 있어, 한국은 물론 전 세계 극장가에서 뜨거운 열풍을 이어갈 예정이다. 이처럼 각국에서 쏟아지는 관심을 받고 있는 '어쩔수가없다'는 끊임없는 호평 세례로 장기 흥행 열기에 박차를 가하고 있다. 전국 극장에서 상영 중.",CJ ENM,"박찬욱 감독, 어쩔수가없다, 영화제, 개봉, 해외 판매, 흥행",긍정,영화 '어쩔수가없다'가 해외 영화제 초청 및 개봉을 확정하며 CJ ENM의 역대 최고 해외 판매 성적을 기록했다.,긍정,긍정,긍정,"긍정,긍정,긍정,긍정,긍정,긍정","중립, 중립, 중립, 긍정, 중립, 긍정","CJ ENM, 박찬욱 감독","어쩔수가없다, 영화제","공식 초청, 개봉, 흥행","영화, 어쩔수가없다, CJ ENM","초청, 개봉, 판매",
10,16886,KT·롯데카드 청문회-12 'KT의 11가지 거짓말',2025/10/04 9:00,"국민의 최수진 의원은 KT가 무단 소액 결제, 서버 해킹 등 사고가 벌어진 뒤 반복적으로 거짓 해명을 통해 사안을 축소·은폐했다고 비판했다. 최수진 의원은 KT가 한국인터넷진흥원 등 정부 당국으로부터 침해 정황이 있다는 사실을 통보받고도 자체 조사 결과 침해 사실이 없다고 발표했다가, 나중에야 실제 침해 사실이 있었다고 인정하는 등, KT가 피해 사실을 숨겼다고 지적했다. 또 개인정보가 유출된 고객 수를 당초 5561명으로 당국에 신고했는데 실제로는 2만30명으로 밝혀졌고, 가짜 기지국도 당초 2개에서 4개로 늘어난 데다 무단 소액 결제 피해 금액도 1억7000만원에서 2억4000만원으로 최초 발표보다 더 컸던 것으로 밝혀진 데 대해서도 문제를 제기했다. 이에 대해 김영섭 KT 대표는 사고 발생 이후 언론이나 국민들이 중간 현황이라도 빨리빨리 발표해 주기를 기대하는데, 추가 확인할 내용들이 계속 생겨 사고 건수, 피해 범위 등이 증가하게 됐다 고 해명했다. 다음은 국민의 최수진 의원과 김영섭 KT 대표, 조좌진 롯데카드 대표, 황태선 KT 정보보안실장 등의 질의응답 최수진 우선 KT에 대해서 먼저 질의하겠습니다. KT는 서버 해킹에 의한 정보 유출 침해 사고를 불법 초소형 기지국에 따른 소액 결제 사고다 라고 처음부터 은폐 또는 축소한 경위들이 많이 최근에 밝혀지고 있습니다. 이런 것들에 대해서 제가 하나하나 짚고 여쭤보겠습니다. 그래서 저희가 생각하는 지금까지 KT의 11가지의 잘못된 거짓말일 수도 있고 몰랐을 수도 있는데, 이런 것들에 대해서 한번 여쭙겠습니다. 첫 번째. KISA가 KT의 침해 상황을 처음에 전달을 했죠, 7월 19일. 그런데 KT는 KISA에 오 려 침해 정황이 없다라고 회신을 한 것이 맞습니까? 김영섭 KT 대표 네, 맞습니다. 최수진 그래서 결국은 결론이 어떻게 났죠? 그런 것들에 대해서 실제로 침해 사실이 발생을 했습니다. 그다음에 두 번째. 그리고 KISA는 KT에 유치될 데이터가 실제 데이터와 동일하다는 증거를 제시했음에도 불구하고 이것에 대한 신고를 거부하셨습니다. 왜 그러셨습니까? 모르셨습니까? 김영섭 KT 대표 침해 정황이 없어서 아마 신고를 최수진 결과 어떻게 나왔죠? 결국은 기지국 침해 사고로 신고가 되었습니다. 세 번째, 경찰이 KT의 무단 소액 결제 정황 통지 및 피해 분석을 9월 1일 요청했습니다. 그런데 KT는 그럴 리 없다 라고 발뺌하셨습니다. 왜 그러셨습니까? 김영섭 KT 대표 죄송합니다. 잘못 판단 최수진 그랬더니 결국은 침해 사고 났죠. 그다음 네 번째. 무단 소액 결제는 단순 스미싱 감염으로 판단해서 침해 사고 신고를 하지 않았다고 9월 10일 과기정통부 브리핑에 나오고 있습니다. 그런데 결과는 어떻게 됐죠? 사실상 침해 사고 맞요? 다섯 번째. 그리고 9월 4일하고 5일에 무단 소액 결제 피해가 발생하지 않았다 라고 했습니다. KT 자체는 그런데 그날 어떻게 됐죠? 결과 보시죠. 97건이나 발생했습니다. 그런데 한 건도 없었다 이렇게 얘기하셨습니다. 여섯 번째. KT는 가입자 식별 정보, 즉 IMSI 유출 고객 수 5561명으로 신고했습니다. 그런데 실제 얼마였죠? 김영섭 KT 대표 최종 저희들이 신고한 건 2만30명입니다. 최수진 맞습니다. 숫자가 달랐습니다. 엄청난 차이입니다. 일곱 번째. 전수 조사 결과 불법 기지국이 2개 발견된 이후로 추가로 없다고 말씀을 하셨습니다. 그런데 실제 몇 개 나왔죠? 김영섭 KT 대표 4개 나왔습니다. 최수진 이런 것들에 대해서 좀 착실 조사하고 또 조심스럽게 발표를 하는 게 맞는데, 너무 자신 있게 얘기하셨습니다. 여덟 번째. 지금 피해자 278명, 피해액 1. 7억으로 처음에 발표하셨으나 실제로는 362명, 2. 4억원으로 나왔습니다. 아홉 번째. 지역도 잘못 얘기하셨습니다. 일부만 얘기했지만 실제적으로 피해 지역은 확산되었습니다. 열 번째. 서버 침해 없었다 그런 식으로 9월 18일 오후 3회견 하셨습니다. 그런데 결과는 어떻게 됐습니까? 실제로 서버 침해가 이미 되어 있습니다. 이렇게 KT가 허술할 수 있습니까? 열한 번째. 인증 키 유출 없다고, 복제폰 불가능하다고 했습니다. 그런데 실제 어떻게 나왔습니까? 결과 유출 및 복제폰 가능성이 있다, 이렇게 생각을 합니다. 지금 KT에도 제가 질의를 많이 해보고 싶은 게 많은데, 이런 것들에 대해서 도대체 왜 이렇게 자꾸 근거가 축소되고 은폐하는 느낌이 들고 이런 허위 사실이 계속 유포되고 있는지 이에 대해서 우리 대표님 한 말씀 하시죠. 김영섭 KT 대표 이런 사고가 발생하니까 언론이나 또는 고객 불안이나 국민 여러분들도 중간 현황 파악한 거라도 빨리빨리 발표해 주기를 굉장 기대하고 있는데, 저희들이 전수 조사는 못했지만 지금까지 확인한 것은 이거고, 또 VOC가 발생한다거나 또 추가 확인할 게 생기면 또 데이터 분석을 쭉 해보면 사고 당한 피해자나 또는 사고 건수나 또는 피해 범위가 증가하게 됐습니다. 최수진 범위를 더 확대해서 더 넓고 더 앞쪽으로 가서 더 하셔야 한다고 지금 생각합니다. 앞으로 해야 할 일에 대해서 제가 이따 오후에 질의하겠습니다. 일단 롯데카드 가신다고 해서 롯데카드 질문 좀 하겠습니다. 롯데카드 역시 보름 이상 해킹 피해를 인지 못한 이유가 뭡니까, 도대체? 대표님 왜 그러셨습니까? 조좌진 롯데카드 대표 아까 잠깐 설명을 드렸던 것처럼 해커가 저희들이 서버 탐지 시스템이 있는데, 주로 웹셸을 정확하게 파악하는 지점들이 있습니다. 전체를 최수진 간단 설명하면 인력의 문제입니까, 기술의 문제입니까? 아니면 안일한 태도입니까? 간단 얘기해 주시면 됩니다. 조좌진 롯데카드 대표 우선 가장 큰 문제는 저희들이 2017년도에 업그레이드됐어야 되는 웹 로직에 대한 최수진 업그레이드 안 한 거죠? 조좌진 롯데카드 대표 가장 중요한 원인이라고 생각하고 있습니다. 최수진 그러니까 결국 수익 극대화만 치중하고 투자가 많이 소홀하고 있다고 생각을 합니다. 그게 가장 큰 문제고요. 지금 카드 비밀번호, CVC까지 유출됐습니다. 그러면 나머지 주민등록번호, 결제 코드 이런 것들도 다 유출됐을 가능성이 있다고 저는 보는데, 앞으로 롯데카드는 이런 것들에 대해서 제대로 파악을 하고 있는지 궁금합니다. 유출된 경위, 유출된 양, 유출된 소스, 고객까지 모두 관리가 다 지금 현재 파악되고 있습니까? 조좌진 롯데카드 대표 네, 지금 전부 다 파악이 완료돼 있고, 고객들에게 통지가 다 나가 있는 상태입니다. 최수진 그리고 앞으로 이런 피해 대응 및 고객 불편에 대한 다른 피해 얘기나 앞으로의 대응, 이런 것들에 대한 대책 다 자신 있게 얘기하실 수 있습니까? 최수진 제가 KT의 매뉴얼을 좀 살펴봤습니다. 그래서 제가 우리 사장님께 좀 질의 좀 드릴게요. 이게 2005년 5월 23일 처음 제정해서 한 24차례 정도 개정이 됐습니다. 그래서 지금 제가 보니까 침해 사고 등급 분류 기준을 5등급으로 운영하고 계십니다. 지금 이 사건에 같은 경우는 몇 등급인 거죠? 김영섭 KT 대표 제가 그거 몇 등급이라고 현장에서 파악하는지는 보고를 못 받았는데 최수진 그러면 여기 보안 담당자 계십니까? 설명해 주십시오. 황태선 KT 정보보안실장 예, KT 정보보안실장 황태선입니다. 이번 사건 같은 경우는 1등급에 해당된다 할 수 있습니다. 최수진 그러면 이게 예전에 제가 알기로는 이 1등급으로 언제 격상이 됐지요? 황태선 KT 정보보안실장 정확한 시점은 기억나지 않지만 사실 이게 황태선 KT 정보보안실장 2022년인가 2023년 경으로 최수진 그거 저한테 자료 주실 수 있으십니까? 황태선 KT 정보보안실장 좀 더 확인해 보겠습니다, 언제 개정됐는지. 최수진 확인해 주세요. 그러면 지금 1등급, 특 심각 단계에 있을 경우는 대개 심각한 경우임에도 불구하고 신고가 늦어진 점, 이런 것들을 봤을 때 그 프로세스가 되게 복잡하다고 생각합니다. 왜냐하면 이 지금 KISA에 일단 신고가 늦어졌죠 한 3일 정도 늦어졌습니다. 여기 전사 침해 사고 대책 본부와 사전 협의 없이 자체적으로 침해 사고 신고를 해서는 안 된다는 규정이 있습니다. 맞습니까? 도대체 여기는 매뉴얼을 아는 사람이 누가 있습니까? 1등급인 경우 이게 해당이 되는지 안 되는지 제가 질의하는 겁니다. 황태선 KT 정보보안실장 예, 소액 결제 같은 경우는 사실은 저희가 인지 시점인 9월 8일 15시에 했고, 그 신고는 당일 19시 16분에 했습니다. 최수진 늦었잖아요. 그걸 전사 침해 사고 대책본부하고 사전 협의해서 신고하신 겁니까, 아니십니까? 황태선 KT 정보보안실장 전사 협의체에서 그 사고를 같이 인지했고 4시간 후에 신고를 하였습니다. 최수진 이것도 내부 프로세스 정리해서 주세요. 그리고 또 만약 1등급이라면 그 심각 경보에 맞춰서 제대로 운영했는지, 저는 그거에 대해서도 약간 의구심이 있습니다. 1등급 심각 경보의 경우에 정보 보안실이 전원 비상 출동했나요? 저는 매뉴얼을 말씀드리는 겁니다. 황태선 KT 정보보안실장 예, 직책자 모두 최수진 2시간 이내 필수 인원, 1시간 이내에 하게끔 돼 있습니다, 매뉴얼에. 그것도 확인해 주세요. 부분 정보 보안 관리자도 2시간 이내에 대책 본부를 구성하게 돼 있습니다. 그리고 운영 조직도 마찬가지입니다. 이런 것들에 대해서 이 매뉴얼대로 했는지가 제일 궁금합니다. 그리고 제가 제일 궁금한 거 하나 더 여쭤보겠습니다. 실제 사고가 터졌을 때 고객한테 어떻게 대응하셨습니까? 제일 처음으로. 여기 다 써 있는데요. 어떻게 하셨어요? 여기 읽어드릴게요. 개인 정보 유출 시 고객 대응반은 고객 통지 문안을 최적화하여 정보 주체인 고객에게 지체 없이 72시간에 통지해야 되는데 어떻게 통지하셨습니까? 통지서 방법은 통지 문자 이메일 팩스 우편 등을 사용해야 됩니다. 어떤 수단으로 몇 시간 내에 하셨습니까? 황태선 KT 정보보안실장 일단은 홈페이지에 게시를 하였고, 문자 통지를 한 것으로 알고 있습니다. 최수진 문자 통지 진짜 하셨습니까? 그리고 황태선 KT 정보보안실장 의원님 죄송합니다. 혹시 뒤에 배석한 임원이 대신 답변을 올려도 되겠습니까? 최수진 아시는 분 아무나 답변 좀 해주세요. 김영걸 KT 본부장 KT 서비스 프로덕트 본부장 김영걸입니다. 문자 통지 다 했습니다. 최수진 몇 시간 내에 하셨어요? 김영걸 KT 본부장 문자 통지는 그때 침해 신고하고 11일 3시에 5561명에게 문자 통지를 했고, 그 외에 그때까지는 침해 신고가 안 된 1만9000명에 대해서도 다 진행을 했습니다. 최수진 그게 사고 터지고 나서 며칠 지나서 했다고요? 9월 언제요? 시점이 언제라고요? 김영걸 KT 본부장 저희가 11일 3시에, 저희가 개인정보 침 최수진 됐고요, 72시간이잖아요. 사고가 8월 27일 날 터졌는데 9월 11일 날 했다는 게 말이 됩니까? 그리고 더군다나 홈페이지에 게재를 한다는 이유는 연락처 알 수 없는 경우에 하는 겁니다. 지금 뭔가 주객이 전도돼서 일을 처리하셨습니다. 그리고 또 하나. 피해 신고센터 언제 운영 오픈하셨나요? 있잖아요, 내가 매뉴얼이 많으면 말도 안 하겠어요. 꼴랑 20페이지, 22 페이지 갖고 그 매뉴얼에 맞춰서도 제대로 되어 있지 않습니다. 제가 말한 거, 지금 질의한 것에 대한 답변서 바로 준비해 주십시오. 이따 다시 또 여쭤보겠습니다. 들어가시고요. 류재명 차관님. 이렇게 KT 늑장 신고 관련해서 정보통신망법 위반이잖아요. 이거에 대해서 과태료 하실 겁니까? 류제명 과기부 2차관 네, 신고 지연에 대해서는 분명하게 사실관계를 밝혀서 필요한 조치를 취하겠습니다. 최수진 그리고 제가 이번 일을 통해서 기업은 당연 문제지만 과기정통부도 똑같이 대체가 너무 늦었다는 것에 대해서 제가 한 말씀 안 짚고 갈 수가 없습니다. PPT 보시면 신고가 접수돼도 실제로 과기정통부에서 공동 조사 착수를 한 시점이 9월 9일 정도 됩니다. 왜 이렇게 늦는 거예요, 도대체 여기는? 하루 이틀 터진 것도 아니고, SK가 4월에 터졌습니다. 그런데 그에 대한 대책도 없고, 방법도 없고, 터질 때마다 맨날 초보처럼 행동하고. 도대체 언제까지 이럴 겁니까? 그리고 북한 해커 그룹 김수키 로 추정되는 KT 서버 사건이 지난 6월 28일 보도된 것도 있는 걸로 찾았습니다. 그런데 경찰에서는 9월 19일이나 조사에 착수하고, 그리고 펨토셀 이용한 KT 소액 결제 사고가 8월부터 했는데도 말씀드린 대로 9월 9일에서야 민관 합동조사단을 구성하고 최수진 아까 보안 책임자님 나와주세요. 확인하셨습니까? 제가 아까 물어봤던 거, 침해 사고 등급 기준 2등급은 언제고 1등급은 언제부터 했죠? 황태선 KT 정보보안실장 그 등급 개정은 제가 잘못 말씀 올렸습니다. 2016년 6월에 개정되었습니다. 최수진 1등급은 언제 됐습니까? 황태선 KT 정보보안실장 그것도 다시 확인해 보겠습니다. 최수진 아, 자꾸 이런 위원장님, 저 지금 자료 제출 요청드리겠습니다. 최민희 네, 세우시고요. 최수진 침해 사고, 그러니까 내부 매뉴얼에 의하면 침해 사고 등급 분류 기준이라는 것이 있습니다. 그런데 지금 이렇게 고객 정보 유출, 소액 결제 관련돼서 그 등급이 지금 현재는 1등급인데, 2등급하고 1등급으로 올린 경우를 아까 말씀하셨습니다. 그래서 2등급은 언제부터 언제였고, 1등급은 언제부터 언제였는지 그 기간에 대한 요청을 계속 했는데, 그거에 대해서 지금 계속 보안 책임자가 모른다고 해서요. 그 기간에 대해서 자료 제출 요청 부탁드립니다. 최민희 지금 들으셨죠? 자료 제출해 주십시오. 일단 답하십시오. 최수진 모른다고 계속 하셔가지고 황태선 KT 정보보안실장 그 등급제 개정에 대한 시기를 제가 정확 인지하지 못했습니다. 그건 확인해서 바로 말씀 올리도록 하겠습니다. 최수진 바로 주시고요. 오늘 중에 주시고요. 그다음에 뭐 대표님이 이거 대답하실 수 있을지 모르는데, 지금부터 대책에 대해서 한번 질의를 해보겠습니다. 지금 그 소액 결제가 자신도 모르는 사이에 범죄에 활용되고 있습니다. 그래서 지금 이 경우는 KT 자체 조사를 통한 피해 규제가 저는 기본이라고 생각을 합니다. 그랬는데, 지금 KT가 최근 3개월, 6월 1일부터 9월까지 10일간 제한적으로 전수조사를 실시했습니다. 그런데 지금 KT 입장에서는 언제부터 했는지도 사실 명확하지 않고, 그전부터 했을 가능성도 저는 있다고 생각합니다. 그래서 제가 제안드리는 것은, 전수조사 기간을 최소 1년은 실시해야 되지 않을까, 저는 그런 생각을 하는데. 어떻게 생각하십니까? 김영섭 KT 대표 지당하신 말씀이라고 생각하고, 지금 KT의 담당 조직에 제가 알아봤는데 아까 황정아 의원님께서 말씀하신 SNS 문자하고 그다음에 패스 인증 이런 거 하고 최수진 패스 인증도 다 보셔야 합니다. 김영섭 KT 대표 시간이 걸리는 사안이라 중요한 순서대로 SMS 문자 인증 기반 이거 다 조사 최수진 알겠습니다. 하여튼 기간은 좀 1년 정도 하시는 게 맞는 것 같은데. 김영섭 KT 대표 기간도 6월 1일부터 급해서 했는데, 지금은 2025년 1월 1일부터 전수조사로 이렇게 시작 최수진 알겠습니다. 그래서 하여튼 저는 1년 정도를 좀 보시면 좋겠다, 이렇게 제안을 드려서 피해를 본 사람들이 불안하지 않도록 하는 게 좋겠다 생각합니다. 그래야 앞으로 KT가 신뢰를 회복할 수 있습니다. 그다음 두 번째. 민간 정보가 탈취된 흔적 또 데이터가 원래 서버에서 다른 시스템으로 이동된 흔적이 발견됐어요. 그럼에도 불구하고 아직도 복제폰 생성은 불가능하다라고 보십니까? 김영섭 KT 대표 어쨌든 제가 지금까지 듣고 아는 것은, 인증키는 아직까지 나가지 않았기 때문에 복제폰은 불가하다, 아직까지는 이렇게 최수진 그러면 인증기 유출에 의한 복제폰 생성 가능성 또한 그건 배제할 수 없지 않다. 그러면 결국은 복제폰은 뭐가 됐든 상관없다. 그거에 대해서 오늘 자신 있게 얘기해 주실 수 있습니까? 김영섭 KT 대표 인증키가 지금까지 나가지 않은 상태에서는 복제폰은 불가하다고 말씀드리고 최수진 책임지십시오. 그다음에 복제폰 생성 2차 피해 해서 이제 지금 SMS 고지하고 유심 교체하고 계십니다. 그러면 SK처럼 이 일을 먼저 마무리하시고 신규 가입 중단 등 대책 마련을 하실 생각은 있으십니까? 김영섭 KT 대표 지금 피해가 발생한 고객에게는 어쨌든 지금 당장 여러 가지 합당한 조치를 취하고, 그다음에 피해가 없는 전 고객에 대해서는 수사 결과를 보고 또 피해 내용이 발생한 최수진 제가 말씀드린 건 피해를 빨리 최소화하고, 피해 고객들을 안심시키고 그다음에 장사를 하셔도 하셔야 되지 않을까 그래서 신규 고객에 대한 가입 여부 이런 것도 좀 결정해야 되지 않을까 이런 생각을 하고 있습니다. 문제가 없지 없는 선에서 해결해야 되지 않을까. 그래서 이런 재앙 수준의 이런 해킹 피해에 대해서 KT는 누구보다도 국민이 가장 사랑하는 그런 기업으로서 국민에 대해서 신뢰를 회복하는 것이 저는 가장 중요하다고 생각합니다. 앞서 제가 11번의 반복적인 거짓말로 인해서 많은 신뢰를 잃었고, 총체적인 사고 규모, 해법 이런 것들이 아직도 여전 저는 불명확하다고 생각을 합니다. 그래서 KT 신규 가입자도 과연 들어올까, 그에 대한 의문도 분명 있습니다. 그래서 앞으로 KT의 이런 부실 대응에 대해서 정말 일벌백계 하는 마음으로 모든 직원들이 이 일에 대해서 빨리 타기하고 조금의 의심도 없이 하는 것이 가장 중요하다고 생각합니다. 그러기 위해서는 철저한 진상 규명, 국민의 안전뿐만 아니라 이용자의 재산 보호 이런 대책들을 마련해서, KT뿐만 아니라, 제가 진짜 과기부 할 얘기 오늘 너무 많았는데 하지 못했습니다. 시간이 없어서. 그래서 이 정부와 같이 분명 책임지고 이 일에 대해서 빨리 조속 해결하고 국감 때는 그 해결책에 대한 답변을 듣고 싶습니다. 그렇게 하겠습니다. 이상입니다.",KT,"KT, 해킹, 소액 결제, 은폐, 정보 유출, 과태료",부정,"최수진 의원은 KT와 롯데카드의 정보 유출 및 사고 대응 부실 문제를 지적하며, 진상 규명과 신뢰 회복을 위한 대책 마련을 촉구.",부정,부정,부정,"부정,부정,부정,부정,부정,부정","중립, 부정, 부정, 부정, 부정, 부정","KT, 롯데카드","소액결제, 서버해킹, 정보 유출","은폐, 축소","KT, 롯데카드","정보 유출, 사고, 대응 부실","진상 규명, 대책 마련"
11,16894,"전진건설로봇, 침수지역 대응 '이동형 배수시스템' 실증 시연",2025/10/04 8:28,"전진건설로봇이 행정안전부 연구개발사업의 핵심 성과물인 침수지역 이동형 배수시스템 을 공개 시연하며 기후변화 시대 재난 대응의 새로운 기준을 제시했다고 지난달 24일 밝혔다. 전진건설로봇은 2022년 5월부터 올해 12월까지 진행 중인 해당 연구개발 사업의 주관기관으로, 이번 시연을 통해 기존 배수펌프의 한계를 극복한 차세대 시스템을 소개했다. 시연은 도심 내 집중호우로 인한 침수를 가정한 상황에서 이뤄졌으며, 다관절 붐 구조물과 수중펌프를 갖춘 다굴절 배수시스템 과 분당 최대 6만 용량의 대용량 배수시스템 이 동시에 투입됐다. 다굴절 배수시스템은 31m 길이의 붐을 통해 좁은 골목, 다리 밑 등 작업 여건이 복잡한 도심 환경에서도 정밀하게 대응할 수 있도록 설계됐다. 대용량 배수시스템은 단독 운용뿐 아니라 복수 연결을 통한 초장거리 배출도 가능해 활용도를 높였다. 이번 시연은 단순 기술 과시가 아닌 실전 상황에 가까운 조건에서의 실증에 초점을 맞췄다. 전진건설로봇은 사용자 중심의 매뉴얼을 개발해 현장 적용성을 검증했으며, 얕은 수심, 장애물, 장거리 배수 등 다양한 변수에도 안정적인 작동을 입증했다.",전진건설로봇,"침수지역, 배수시스템, 시연, 집중호우, 다굴절 배수시스템",긍정,전진건설로봇이 침수 지역 대응을 위한 이동형 배수 시스템을 공개 시연하며 기술력을 입증.,긍정,긍정,긍정,"긍정,긍정,긍정,긍정,긍정","부정, 중립, 중립, 부정, 중립",전진건설로봇, 배수시스템,"시연, 차세대 시스템, 집중호우",전진건설로봇,"대응, 시연, 기술력",이동형 배수 시스템
12,16933,"KB금융, 복지부 아동 야간 연장돌봄사업 지원 3년간 총 60억원 투입",2025/10/04 7:09,"지난 2일 여의도 KB국민은행 신관에서 진행된 아동 야간 돌봄 공백 해소를 위한 업무협약식 에서 양종희 KB금융그룹 회장과 정은경 보건복지부 장관이 기념 촬영을 하고 있다. KB금융 KB금융그룹은 지난 2일 여의도 KB국민은행 신관에서 정은경 보건복지부 장관과 양종희 KB금융그룹 회장이 참석한 가운데, 보건복지부와 아동 야간 돌봄 공백 해소를 위한 업무협약 을 체결했다. 이번 협약은 최근 잇따른 화재로 인해 아이들이 희생되는 안타까운 사고를 계기로, 보건복지부에서 추진하고 있는 아동 야간 연장돌봄사업 을 지원하고자 진행됐다. KB금융과 보건복지부는 기존 오후 8시까지만 운영되던 지역아동센터와 다함께돌봄센터 중 일부를 밤 12시까지 단계적으로 확대 운영한다. 부모의 부재 속에서도 아이들이 안전하게 지낼 수 있도록 야간 돌봄 공백을 줄이고, 야간에 근무하는 부모가 안심하고 생업에 전념할 수 있도록 지원한다. 정부와 민간이 을 모아 돌봄의 사각지대를 해소하는 이번 협업은 사회적 안전망을 한층 더 두텁게 만드는 모범적인 민·관 협력 사례가 될 것으로 기대된다. KB금융, 전 계열사 CCO 한자리 모여 '소비자보호 강화' 종합 대책 회의 KB금융, KB착한푸드트럭과 함께 찾아가는 산업현장 안전 캠페인 실시 이번 협약을 통해 KB금융은 '26년부터 '28년까지 3년간 총 60억원을 야간 연장돌봄사업에 지원한다. 이 예산은 아이들이 안전하고 편안하게 머물 수 있도록 야간 귀가 시 안전사고 책임보험 가입 등·하원 차량 운행 지원 침구류, 냉·난방 장비 구비 노후 시설 환경개선 등 인프라 개선 및 이용자인 보호자와 야간 종사자들을 위한 이용자 원스탑 안내체계 종사자 소진방지 프로그램 운영 등에 사용될 예정이다. 양종희 KB금융 회장은 아이들이 홀로 남겨지는 밤이 안전으로 채워지기를 바란다 며 보건복지부와 함께할 수 있어 감사하고, 공공과 민간이 함께 돌봄 현장을 촘촘 잇는 협업을 통해 야간근로자와 자영업자가 안심하고 생업에 종사할 수 있는 든든한 돌봄 안전망을 만들어 가겠다 고 말했다. 정은경 보건복지부 장관은 긴급상황 발생 시 부모님들이 걱정하지 않도록 아동 야간 연장돌봄에 대한 공적지원 체계를 새롭게 구축 중이다. 야간에도 일하시는 맞벌이 부부와 그 아동 등을 위해 흔쾌 큰 지원을 약속해주신 KB금융그룹에 정말 감사하다. 민-관 합동의 선도모델로 야간 돌봄 공백 해소에 정말 큰 이 될 것으로 기대한다 고 전했다. 한편, KB금융은 돌봄 강화를 위한 현장 밀착형 지원을 꾸준 펼쳐 오고 있다. 지난해에는 소상공인의 저출생 부담 완화를 위해 전국 주요 8개 지방자치단체와 협력해 아이돌봄 서비스 및 육아휴직자 대체인건비 등을 지원했고, 학교 현장에서는 초등 돌봄교실 신·증설과 거점형 돌봄센터 구축을 지원했다. 주요 계열사인 KB국민은행은 대표 사회공헌 사업인 KB Dream Wave 2030 을 통해 학습·진로·인프라 세 가지 분야를 중심으로 미취학 아동부터 대학생까지 성장 단계에 맞춘 다양한 맞춤형 프로그램을 운영하고 있다.",KB금융,"아동, 야간 돌봄, 업무협약, 보건복지부, 지원, KB금융그룹",긍정,"KB금융그룹이 보건복지부와 아동 야간 돌봄 공백 해소를 위한 업무협약을 체결하고, 3년간 60억원을 지원한다.",긍정,긍정,긍정,"긍정,긍정,긍정,긍정,긍정,긍정","중립, 긍정, 긍정, 중립, 긍정, 중립","KB금융, 보건복지부","아동 야간 돌봄, 업무협약",사회적 안전망,"KB금융그룹, 보건복지부","아동 야간 돌봄 공백 해소, 업무협약, 지원",60억원
13,17035,토요칼럼 아모레와 LG생건은 찾을 수 있을까,2025/10/04 0:09,"화장품 대장주 굳 에이피알 전통의 K뷰티 대기업은 '허우적' 뼈 깎는 구조조정 나선 두 회사 ""올드하다"" 소리마저 듣지만 80년 저력, 무시할 수 없는 자산 다시 ""감 살아났다"" 찬사 되찾길 임현우 디지털라이브부 차장 감다뒤 라는 유행어를 들어보셨는지. 아침부터 신문에서 비속어를 보게 해 죄송하지만, 감이 다 뒤졌다 는 뜻이다. 제품이든 기업이든 연예인이든 트렌드에 뒤처져 기대에 미치지 못하면 요새 가차 없이 이 딱지가 붙는다. 천하의 애플과 유재석조차 싱크대를 닮은 아이폰과 식상한 음악 예능을 들고나온 순간 감다뒤 소리를 들었다. 지난 한 주 동안 대한민국을 시끌시끌하게 한 카카오톡 개편도 전형적인 사례가 되겠다. 인스타그램과 틱톡 비슷하게 따라가려다가 업데이트 거부 운동 과 탈퇴 러시 를 자초했다. 이용자가 원하는 것을 잘못짚고 메신저의 본질을 놓쳤다는 혹평을 받았다. 촉을 잠깐 잃는 게 얼마나 무서운 결과를 불러오는지 훨씬 적나라하게 보여주는 곳은 K뷰티 시장이다. 상장사는 주가와 시가총액으로 평가할 수밖에 없다. 한때 178만원을 찍었던 LG생활건강 주가는 6분의 1토막 난 상태다. 유가증권시장 시총 5위까지 갔던 아모레퍼시픽은 현재 75위다. 두 달 전에는 화장품주 시총 1위가 에이피알로 교체됐다. 잠깐의 이변 아닐까 싶었는데 대장주 자리를 놓지 않고 있다. 에이피알은 1988년생이 대학을 졸업하고 창업한 회사로, 이것저것 실패하다가 화장품 사업에 안착한 사례다. 업력이 80년 된 아모레퍼시픽, 77년 된 LG생활건강의 부진의 골이 더욱 깊어 보이는 이유다. 개인적으로 두 회사 뉴스를 볼 때마다 묘한 감정이 든다. 10년 전 소비재 일 때 지켜본 그들의 전성기는 너무나 화려하고 굳건했기 때문이다. 아모레는 파죽지세의 설화수 한 브랜드로만 연 매출 1조원을 올렸다. 중국은 확실 잡았고, 다음으로 북미와 유럽 점령에 도전한다고 했다. LG생건은 또 사상 최고 실적 기사를 쓰는 게 지겨울 정도였다. 후라는 브랜드는 롯데면세점 소공점의 33 짜리 자그마한 매장에서 매달 100억원어치를 팔아치웠다. 세계 어느 면세점에서도 전무후무한 일 이라며 입을 다물지 못하던 롯데 대표의 표정이 기억에 남는다. 아모레와 LG생건의 1·2위 경쟁이 관심이었지 둘 다 허우적대는 상황을 상상하진 못했다. 그랬던 두 회사가 왜 늪에 빠졌는지 원인 분석은 마무리돼 있다. 중국에서는 애국 소비 열풍 탓에 K뷰티 인기가 꺾였고, 다른 나라에서는 개성 있고 저렴한 인디 브랜드에 열광하고 있다. 두 화장품 공룡 은 과거의 성공 방정식에 매여 대응 속도가 더뎠다는 것이다. 사실 성공과 실패에 대한 이런 사후적 평가는 자의적인 면도 있다. 메가 브랜드 와 중국 집중 전략은 아모레와 LG생건이 잘나가던 시기엔 찬사를 받았다. 토스 출신이 밀어붙인 카카오톡 개편 역시 반응이 좋았다면 과감한 외부 수혈을 통한 혁신 으로 평가받았을 터다. 야박해 보이지만, 결국 성과가 모든 걸 설명할 수밖에 없다. 아모레? LG? 올드해! 라는 젊은 소비자들의 인식을 돌려놓으려면 상당한 시간이 걸릴 것 같다. 이성이 아닌 감성으로 선택하는 상품이기 때문이다. 아모레는 세계 곳곳의 적자 매장을 도려내며 구조조정을 이어가고 있다. LG생건은 내부 출신 최고경영자를 조기 교체하고 로레알 출신을 영입하는 강수를 뒀다. 감 떨어진 기업이 뒤처지는 건 어찌 보면 좋은 일이다. 유능한 기업이 계속 등장해 주기적으로 물갈이가 이뤄진다면 산업이 건강하다는 의미다. 다만 올드한 이미지 가 돼버린 전통의 화장품 회사가 보란 듯 부활해줬으면 하는 기대도 있다. 신생 K뷰티 주자는 쉽게 얻지 못할 소중한 자산이 풍부한 기업들이기 때문이다. 아모레와 LG생건은 수입 개방 이후 토종 화장품이 싹 망할 뻔한 1990년대를 슬기롭게 극복한 저력이 있다. 화려한 광고판에선 보이지 않아도 뒷단의 치열한 연구개발은 어느 업종에도 뒤처지지 않는다. 두 회사 사업장을 구경하다 보면 화장품 회사에 이런 게 있나 싶은 것이 적지 않았다. 건물 안에 아파트 욕실과 백화점 매장까지 떼어다 놓고 색감, 용기, 진열법을 고민하던 모습이 지금도 인상 깊다. 감다뒤의 반대말로 감다살 이라는 것도 있다. 감이 다 살아났다 는 칭찬의 표현이다. 되짚어 보면 10년 전 미래가 안 보인다는 소리를 듣던 회사 중에 삼양식품이 있었다. 한국 최초의 라면을 만들고도 만년 2위로 망가진 회사, 주가가 2만원에서 오르지도 내리지도 않던 회사. 불닭 시리즈의 반전 드라마는 그때 절치부심의 결과물일 것이다.","LG생활건강, 아모레퍼시픽","구조조정, K뷰티, 실적, 경쟁, 브랜드, 소비자",부정,"중국 시장에서의 부진과 경쟁 심화로 아모레퍼시픽과 LG생활건강이 구조조정, CEO 교체 등 위기 대응에 나섰으며, 과거의 성공 방식에 갇혀 대응 속도가 늦었다는 평가를 받음.",부정,부정,부정,"부정,부정,부정,중립,부정,부정","부정, 중립, 중립, 중립, 중립, 중립","아모레퍼시픽, LG생활건강",부진,"구조조정, CEO 교체","아모레퍼시픽, LG생활건강","구조조정, 부진, 경쟁 심화","중국 시장, CEO 교체"
14,17138,경제인이슈 두나무 품는 네이버... '깜짝 빅딜' 큰 그림은?,2025/10/03 17:26,"네이버가 국내 최대 가상자산 거래소 업비트를 운영 중인 두나무를 인수한다는 소식에 IT·금융업계가 술렁이고 있습니다. 두나무가 네이버의 손자 회사로 편입될 것으로 전망되면서 그 배경에 관심이 모아지는데요. 국내 경제와 산업별 이슈를 짚어보는 , 오늘은 김종효 알파경제 이사님과 네이버의 새로운 금융산업 전략에 대해 이야기 나눠보겠습니다. 네이버, 스테이블 코인 시장 진출? 김종효 알파경제 좀 더 큰 그림으로 봐야 할 것 같습니다. 자세한 얘기는 뒤에서 나누겠습니다만 두나무가 가지고 있는 업비트는 국내 1위일 뿐만 아니라 전 세계 시장에서도 4위 정도의, 거래대금 기준으로도 4위 정도의 위치를 차지하고 있는 엄청나게 큰 회사고 네이버도 국내에서의 영향력뿐만 아니라 가지고 있는 라인의 영향력을 고려해 보면 거의 3억 명에 가까운 사용자를 가지고 있는 플랫폼이기 때문에 이 두 가지가 결합했을 때 낼 수 있는 시너지는 생각보다 크다고 봐야 할 것 같습니다. 그 다음에 네이버파이낸셜과 두나무가 지금 합치는 것으로 일단은 얘기되고 있는 상황이니까 여기엔 숨겨진 기업이 있죠. 바로 네이버파이낸셜 지분의 25. 5%를 보유하고 있는 증권업 라이센스를 갖고 있는 미래에셋증권을 주목해 봐야 할 것 같습니다. 그러면 지금 단순하게 두나무와 네이버의 결합일 뿐만 아니라 세계 곳곳에 자신들의 사업 회사를 운영 중인 미래에셋증권까지 합쳤을 때는 코인 결제 플랫폼, 그다음에 토큰 발행까지도 모두 할 수 있는데다가 국내 시장이나 해외 시장에 IPO까지도 충분 할 수 있는 여건이 마련된다는 측면에서, 단순하게 네이버의 가상자산 시장 진출이라는 것보다는 좀 더 큰 그림을 그릴 수 있다는 차원에서 이해할 수 있겠다고 봐야겠습니다. 양사 기업가치 차이가 큰데? 크게 보면 두 가지로 봐야 될 것 같은데요. 지금 두나무가 생각 외로 금융 당국의 압박을 받고 있는 요소들이 꽤 있습니다. 자회사와 관련해서 이미 제재를 받은 게 있고요. 추가적으로 금융당국의 제재를 받을 경우 많을 경우에는 조 단위의 제재금을 낼 수 있다는 전망이 나오는 상황에서 그것을 해소하기 위한 방안으로 플랫폼으로 가는 것이기 때문에 네이버파이낸셜과 합치면서 소위 플랫폼 사업자와 함께 하게 되면 이런 불확실성을 하나 제거할 수 있다는 차원에서 두나무가 이번 빅딜을 선택했다고 볼 수 있는 상황이고요. 그다음에 아까 말씀드렸던 삼자동맹 차원에서도 두나무도 더 사업을 확장하고 싶은 국면이니까, 이 국면에 있어서 자신도 플랫폼도 만들고 잘하는 협력자와 함께하는 게 더 좋은 방향 아니겠습니까? 이런 두 가지 방향에서 일단 두나무의 협업 이야기가 나오고 있다고 볼 수가 있겠고요. 가격 차이가 나니까 처음에 이 소식이 들렸을 때 모든 사람들이 물음표를 달았던 거죠. 두나무와 네이버파이낸셜이 과연 같은 위치인가? 이 가격 차이를 반영해서 아마도 협업 형태로 갈 것으로 보이기는 하는데 일단 글로벌 시장으로 녹아드는 과정을 두나무 쪽에서도 생각하고 있기 때문에, 원래 두나무 주주들은 나스닥 상장을 예상하고 있었단 말이에요. 혹은 미국 기업과의 협업을 예상하고 있었는데, 네이버라고 해서 실망한 사람도 많았고, 해당 뉴스가 나왔을 때 코스피 시장에서 네이버는 등급했지만 장외시장에서 두나무는 급락하는 양상이 나타난 것도 그 때문이기는 하죠. 그렇지만 방금 언급드렸던 대로 두나무가 처해 있는 여러 제재 위험을 피하기 위해, 두 번째로는 두나무가 글로벌로 가기 위해 여러 정책을 쓰려고 하고 있었는데, 그중에 좋은 선택인지는 나중에 봐야 되겠습니다만 그 한 가지 방향성으로 네이버를 선택했다. 이렇게 볼 수 있는 상황인 것 같습니다. 경영권 분쟁 불씨 남겼다는 우려도? 일단 그림을 하나 보시면 양사의 실적 차이가 생각보다 꽤 많이 납니다. 그러니까 네이버파이낸셜은 지금 이익 구조가 연간 한 1,000억원 정도 나오는 회사고 두나무가 가지고 있는 업비트는 매출 자체가 이익입니다. 왜냐하면 매출을 인식하는 방식이 그 수수료만을 매출로 인식하고 있기 때문에 매출에서 발생하는 일부 비용, 인건비라든지 시설 비용 이런 것들을 제외하면 전부 이익이거든요. 여기는 지금 조 단위의 이익을 내는 회사란 말이죠. 그러니까 이익이 이렇게 10배 차이나는 회사를 과연 섞을 수 있느냐는 그런 물음도 되고, 시장에서는 기본적 질문이죠. 과연 두 회사가 섞일 수 있느냐, 이 정도 차이 나는 회사를 어떻게 섞을 것이냐는 관점에서 계속 지적하는 언론 보도가 나오고 있습니다만, 결국은 합병된 네이버파이낸셜과 네이버가 다시 합병할 거고, 또한 송치형 회장의 네이버 지분이 지금 네이버 이해진 의장의 지분을 넘을 것이다, 지금 이해진 의장 지분이 3% 정도밖에 안 되거든요. 그런데 네이버와 합병하게 되면 송치형 회장이 4~5% 정도의 지분을 확보할 것이라는 얘기가 나오고 있고 그러다 보니까 자연스럽게 지금 이해진 의장이 송치형 회장에게 다 양보하는 거 아니냐, 이런 이야기도 나오고 있는데, 저는 이렇게 반문하고 싶습니다. 지금 3%로 네이버를 장악하고 있는 이해진 의장이 이걸 모르고 송치형 회장을 받아들이는 것일까? 라는 거죠. 그래서 저는 송치형 회장이 이해진 의장을 누르고 무엇을 한다. 이런 개념으로 보기보다는 아까 말씀드렸던 삼자협업 과정에서 사업을 같이 논의하는 방향으로 갈 가능성이 높다. 그러면 그림을 좀 더 크게 봐서 박현주 미래에셋그룹 회장, 그다음에 이해진 의장, 송치형 회장이 의기투합해서 뭔가 새로운 사업을 크게 열어보려는 그림으로 이해를 하시는 게 좋지 않을까. 이 둘이 뭔가 경영권 싸움을 한다든지 불협화음을 낼 가능성은 열려 있지만 제가 보기에는 네이버 지배구조 상 어렵지 않을까 이렇게 보고 있습니다. 두나무 품은 네이버, 시장 영향은? 일단 네이버의 실적을 봐야 하는데요. 준비된 그림으로 보시면 분명 실적의 총량은 늘어나고 있거든요. 그런데 변화율, 증가율을 보면 정체입니다. 모든 사업이 정체인 거예요. 그다음에 지금 이익의 총량을 보면 이익의 총량은 늘어납니다. 그런데 준비된 그림을 하나 더 보이시면 밸류에이션은 떨어져요. 무슨 얘기입니까? 이익이 늘어나고 있는데도 밸류에이션이 떨어진다는 건 주가가 반응하지 않고 있다는 얘기예요. 즉 네이버라고 하는 기업은 AI 쪽에서의 성장성이라든지 무언가의 성장 모델을 통해서 계속 성장하는 고성장 기업이란 것을 보여줘야 하는 기업인데, 이게 어느 순간 사라진 거죠. 두나무를 인수함으로써 아까 말씀드렸던 미래에셋과의 연계로 새로운 사업들을 펼쳐나가면 AI는 비록 조금 낮은 수준으로 보여지지만 다른 산업으로서의 확장, 그다음에 이익이 조 단위로 늘어난다는 관점에서 성장의 그림을 볼 수 있다는 게 가장 핵심 포인트입니다. 그중에 또 하나가 뭐냐면 미래에셋과 두나무와 함께 RWA 같은 것들을 연결하는 토큰을 발행하게 되면 이와 관련해서 다양한 자산, 부동산까지도 연결시킬 수 있기 때문에 계속 얘기만 했었던 STO 같은 사업들이 좀 더 활발해질 가능성이 있다는 것도 염두에 두실 필요가 있겠고요. 또 하나 주목해 봐야 할 건 우리가 지금 원화 스테이블 코인을 하려고 하고 있지 않습니까? 그런데 원화 스테이블 코인을 하면 뭐합니까? 원화가 스테이블하지 않은데요. 달러 스테이블 코인과 원화 스테이블 코인을 비교했을 때 압도적으로 달러 스테이블 코인으로 기울어지지 않을까요? 그래서 이런 것들을 중간에 매개해 줄 수 있는 중간 매개변수가 필요한데 우리나라에서 1위를 차지하고 있는, 또 글로벌 시장에서 어느 정도 지위를 갖고 있는 양사가 합병해서 사업을 한 결과물 자체를 가져가게 되면 달러 스테이블 코인과 원화 스테이블 코인의 접합점, 혹은 둘의 교환 비율을 맞추는데 하나의 역할을 할 수 있기 때문에 그 부분에서 의미를 찾아볼 수 있지 않나 이렇게 판단을 하고 있습니다. 금융당국 심사 넘어야 할 텐데? 일단 지금 가상 자산 시장에서 압도적 1위죠. 2위하고 4배 정도 차이가 나니까 압도적인 1위죠. 또한 국내에서만 보면 네이버파이낸셜이 지금 전자금융 사업자로차지하고 있는 비중도 엄청나기 때문에 공정위에서는 규제할 만한 요인은 꽤 높을 것으로 보이나, 반대로 아까 말씀드렸던 것처럼 원화 스테이블 코인을 안착시키려면 지금 법안에 나와 있는 대로 10억원짜리 사업자 수십 개를 만드는 게 의미가 있을까요? 아무 의미 없죠. 언제 사라질지도 모르는 10억원짜리를 왜 만듭니까? 적어도 조 단위의 자금을 투여하고 조 단위의 운영을 할 수 있는 회사 하나가 있는 게 더 낫죠. 그런 관점에서 본다면 공정위가 일부 규제 안으로 압박을 취할 가능성은 있어 보이지만 원화 스테이블 코인 시장을 안정시키기 위해선 압도적 사업자가 필요한 것도 사실이다. 그렇다고 원화 스테이블 코인에 외국 회사를 끌어올 수도 없는 거 아니겠습니까? 그런 관점에서 봤을 때 지금 규모의 경제가 필요하다보니, 규제와 관련해서 몇 가지 법안이 나올 수는 있겠지만, 이들의 합병을 막는 압박은 크지 않을 거로 보고 있고요. 두 번째는 스테이블 코인과 관련된 법안 통과를 지금 눈앞에 두고 있는 상황입니다. 그래서 어떤 법안들이 통과되는지 세부적 내용은 더 지켜볼 필요가 있겠으나, 말씀드렸던 것처럼 이들의 방향성 자체를 막는 것은 지금 이재명 정부가 추진하고 있는 혁신 금융, 그다음에 혁신적인 IT 정책과 모두 반하는 것이기 때문에 그렇게까지 나올 가능성은 상대적으로 좀 낮다라고 보고 있고요. 그다음에 네이버는 지금까지 라이센스 산업에 진입한 적이 없고 진입할 생각도 없었습니다. 그런데 이번에도 역시 본인이 직접 라이센스 산업 안으로 진입하기보다는 미래에셋증권 같은 이미 라이센스를 갖고 있는 기업과 협업하는 과정에서 아마도 사업을 진행할 가능성이 높아 보여서 말씀하셨던 공정위를 포함한 규제 당국의 본격적인 제재는 아마도 크지 않을 가능성이 높다. 이렇게 봐야 될 것 같습니다. 카카오 대규모 개편, 평가는? 보기 싫은 걸 봐야 한다는 게 가장 큰 특징이죠. 대화방 안에만 있다보면 별 차이를 못 느낄 수도 있겠습니다만, 친구 탭이라든지. 그 옆에 다른 탭들을 보면 광고가 너무 많아졌다는 거죠. 의도는 알 것 같습니다. 그런데 우리는 카카오라는 플랫폼을 메신저로만 사용했기 때문에 이 안에 머무는 시간이 짧죠. 그러다 보니까 비즈니스 모델을 만들 수 없는 게 가장 핵심 아니겠습니까? 그래서 카카오의 이번 개편은 뭘 원하는지는 알겠다. 사람들을 오래 머물게 만들어서 비즈니스 모델을 강화하려고 한 것은 알겠는데, 사람들이 카카오톡을 메신저로 인식하고 있다는 것 자체를 무시했다는 거죠. 그래서 이번에는 과거와는 다르게 사용자들의 대거 이탈이 나타날 수도 있다는 점을 고려해서 최근 정신아 대표가 한 발 물러서는 듯한 행보를 보여주고 있죠. 그래서 기본적으로 사용하고 있는 사람들의 의도와 너무 동떨어지면 이탈이 나타날 수 있고, 이탈이 나타나면 SNS의 본질이 사라지는 것이니까 아마도 이번 개편에 대해서는 그런 고민이라든지 방향성 전환이 필요하지 않을까라고 보고 있고요. 실제로 카카오 경영진도 고민하는 것으로 보입니다. 다만 체류 시간의 증가, 비즈니스 모델의 증가라는 방향성 자체는 변하지 않을 것 같습니다. AI 기능 도입 카톡. 변화 가져올까? 일단 말씀드렸던 대로 비즈니스 모델 확대가 가장 큰 포인트이기 때문에 변화의 방향성은 정해져 있다고 봐야 되고, 이 방향으로 나갈 거라고 보고 있고요. 아까 네이버도 뭐라고 말씀드렸습니까? 실적이 증가하고 있는데, 성장 모델이 보이지 않으니까 시장에서 평가를 안 해줬거든요. 카카오도 마찬가지라는 거죠. 지금 카카오도 가장 큰 문제는 이용자를 늘릴 수 있느냐인데, 늘릴 수가 없죠. 거의 한국인 사용자들만 있으니까요. 그다음에 톡비즈를 포함한 다양한 모델들을 만들었습니다만 카카오TV도, 스토리도 다 큰 성과를 내지 못하지 않았습니까? 그러다 보니까 수익성이 추가적으로 늘어나는 것이 없었다는 거죠. 그런데 이번 개편이 비록 혹평을 받고 있지만 만약에 제대로 된 비즈니스 모델을 정착시키고 카카오의 매출이 확대되는 것이 눈으로 확인된다면, 일시적인 이런 노이즈를 뚫고 카카오도 성장 모델을 장착했다는 측면에서 긍정적 평가가 가능하지 않느냐 이렇게 보고 있습니다. 그래서 투자 관점에서 보면 네이버는 조금 긍정적 평가가 가능하고, 미래에셋증권이 더 눈에 띄는 그런 상황이지만요. 카카오는 이러한 성장성을 미리 반영해서 이미 지난달부터 주가가 올라왔습니다. 그렇다면 지금은 조금 유보적 관점에서, 정말 잘 하는지 그다음에 정말 비즈니스 모델의 안착을 통해 매출과 이익이 늘어나는지를 확인하면서 접근하시는 게 조금 더 좋은 접근이 되지 않을까? 이렇게 판단하고 있습니다.","NAVER, 카카오, 미래에셋증권","가상자산, 두나무, 업비트, 네이버파이낸셜, 스테이블코인, 카카오",긍정,"네이버의 두나무 인수, 미래에셋증권과의 협업을 통한 가상자산 시장 진출, 카카오 개편 등 IT·금융 업계 이슈 분석",긍정,중립,긍정,"긍정,긍정,긍정,긍정,긍정,부정","중립, 중립, 중립, 중립, 중립, 중립","네이버, 두나무, ","인수, 스테이블코인",,"네이버, 두나무, 미레에셋증권, 카카오","인수, 진출, 개편",
15,17171,"안랩 안철수·강석균, 사우디 정부 주최 사이버 보안 포럼 'GCF 2025' 초청",2025/10/03 16:24,"안철수 안랩 창업자가 사우디아라비아 리야드에서 열린 'GCF 2025' 센터 포 사이버 이코노믹스 세션에 참가하고 있다. 제공 안랩은 지난 1일부터 이틀간 사우디아라비아 리야드에서 열린 국제 사이버 보안 포럼 '글로벌 사이버시큐리티 포럼 애뉴얼 미팅 2025'에 3년 연속 참가했다고 3일 밝혔다. GCF는 주요 사이버 보안 문제에 대한 국제적 협력을 강화하기 위한 글로벌 포럼이다. 사우디아라비아 국왕이 후원하고 사우디아라비아 국가사이버보안부가 주최한다. 정부 관계자, 기업, 주요 학계 인사 등 세계 각국 사이버 보안 전문가들이 참여해 글로벌 사이버 보안에 대한 산업 발전 방향 및 국제 협력 기반 구축 방향성 등에 대해 논의한다. 올해가 5회째다. 주제는 '사이버 공간에서의 통합적 발전의 확장'이다. 연사 명단에는 콜린다 그라바르 키타로비치 전 크로아티아 대통령 크리스 잉글리스 전 미국 국가 사이버 국장 로버트 해니건 전 영국 GCHQ 국장 조제 마누엘 바로주 전 유럽연합 집행위원장 겸 포르투갈 총리 도린 보그단-마틴 국제전기통신연합 사무총장 장폴 팔로메로스 전 나토 연합군 최고사령관 로빈 가이스 유엔 군축연구소 소장 오진영 한국인터넷진흥원 본부장 이오안니스 파블로스글루 그리스 국가사이버보안국 부지사 라요시 사보 헝가리 국가사이버보안센터 국장 등 정부·국제기구·산업계 대표 인사들이 이름을 올렸다. 안랩에서는 안철수 창업자와 강석균 대표가 함께 초청받았다. 이들은 다양한 일정에 참여해 글로벌 보안 과제에 대해 논의했다. 경제 성장 핵심으로서 사이버 보안, 국가별 보안 현지화 및 AI 기반 사이버 위협 대응 전략 등이다. 특 안 창업자는 ""사이버 보안 투자는 피해를 막는 비용이 아니라 새로운 가치와 성장을 창출하는 전략적 투자""라며 "" 단순한 보호가 아니라 성장과 혁신을 위한 인프라""라고 강조했다. 한편 안랩은 지난해 사우디아라비아 국부펀드가 100% 보유한 사이버보안 기업 사이트와의 합작법인 '라킨'을 설립한 뒤 현지 인프라를 구축하며 제품 현지화 개발 작업을 추진해 왔다. 올해 하반기부터는 라킨을 통해 방화벽, 침입 방지 시스템, 확장형 탐지·대응 제품 판매를 본격화하고 있다. 향후 공급 제품 라인업을 확대하고 AI 및 OT 보안 분야로 협력 범위를 넓혀 중동 지역에서의 보안 생태계 확장과 경쟁력 강화 행보를 이어갈 계획이다.",안랩,"사이버 보안, GCF 2025, 사우디아라비아, 합작법인, 라킨, 제품 현지화",긍정,"안랩이 사우디아라비아 리야드에서 열린 GCF 2025에 참가하여 사이버 보안 관련 논의를 진행하고, 현지 합작법인 라킨을 통해 제품 판매를 본격화하며 중동 지역 보안 생태계 확장을 추진.",긍정,긍정,긍정,"긍정,긍정,긍정,긍정,긍정,긍정","중립, 중립, 중립, 중립, 중립, 긍정",안랩,"GCF 2025, 합작법인, 라킨","사우디아라비아, 참여, 제품 현지화",안랩,"사이버 보안, 생태계 확장, 판매",사우디아라비아
16,17172,"KB금융, 보건복지부와 '야간 돌봄 공백 해소' 위한 민-관 협력 업무협약...",2025/10/03 16:15,"KB금융그룹은 2일 여의도 KB국민은행 신관에서 정은경 보건복지부 장관과 양종희 KB금융그룹 회장이 참석한 가운데, 보건복지부와 '아동 야간 돌봄 공백 해소를 위한 업무협약'을 체결했다고 밝혔다. 이번 협약은 최근 잇따른 화재로 인해 아이들이 희생되는 안타까운 사고를 계기로, 보건복지부에서 추진하고 있는 '아동 야간 연장돌봄사업'을 지원하고자 진행됐다. KB금융과 보건복지부는 기존 오후 8시까지만 운영되던 지역아동센터와 다함께돌봄센터 중 일부를 밤 12시까지 단계적으로 확대 운영한다. 부모의 부재 속에서도 아이들이 안전하게 지낼 수 있도록 야간 돌봄 공백을 줄이고, 야간에 근무하는 부모가 안심하고 생업에 전념할 수 있도록 지원한다. 정부와 민간이 을 모아 돌봄의 사각지대를 해소하는 이번 협업은 사회적 안전망을 한층 더 두텁게 만드는 모범적인 민·관 협력 사례가 될 것으로 기대된다. 이번 협약을 통해 KB금융은 '26년부터 '28년까지 3년간 총 60억원을 야간 연장돌봄사업에 지원한다. 이 예산은 아이들이 안전하고 편안하게 머물 수 있도록 야간 귀가 시 안전사고 책임보험 가입 등·하원 차량 운행 지원 침구류, 냉·난방 장비 구비 노후 시설 환경개선 등 인프라 개선 및 이용자인 보호자와 야간 종사자들을 위한 이용자 원스탑 안내체계 종사자 소진방지 프로그램 운영 등에 사용될 예정이다. KB금융 양종희 회장은 ""아이들이 홀로 남겨지는 밤이 안전으로 채워지기를 바란다""며, ""보건복지부와 함께할 수 있어 감사하고, 공공과 민간이 함께 돌봄 현장을 촘촘 잇는 협업을 통해 야간근로자와 자영업자가 안심하고 생업에 종사할 수 있는 든든한 돌봄 안전망을 만들어 가겠다""고 말했다. 보건복지부 정은경 장관은 ""긴급상황 발생 시 부모님들이 걱정하지 않도록 아동 야간 연장돌봄에 대한 공적지원 체계를 새롭게 구축 중이다. 야간에도 일하시는 맞벌이 부부와 그 아동 등을 위해 흔쾌 큰 지원을 약속해주신 KB금융그룹에 정말 감사하다. 민-관 합동의 선도모델로 야간 돌봄 공백 해소에 정말 큰 이 될 것으로 기대한다""고 밝혔다. 한편, KB금융은 돌봄 강화를 위한 현장 밀착형 지원을 꾸준 펼쳐 오고 있다. 지난해에는 소상공인의 저출생 부담 완화를 위해 전국 주요 8개 지방자치단체와 협력해 아이돌봄 서비스 및 육아휴직자 대체인건비 등을 지원했고, 학교 현장에서는 초등 돌봄교실 신·증설과 거점형 돌봄센터 구축을 지원했다. 주요 계열사인 KB국민은행은 대표 사회공헌 사업인 'KB Dream Wave 2030'을 통해 학습·진로·인프라 세 가지 분야를 중심으로 미취학 아동부터 대학생까지 성장 단계에 맞춘 다양한 맞춤형 프로그램을 운영하고 있다.",KB금융,"아동 야간 돌봄, 업무협약, 사회공헌, 보건복지부, 야간 연장돌봄사업",긍정,"KB금융그룹은 보건복지부와 '아동 야간 돌봄 공백 해소를 위한 업무협약'을 체결하고, 야간 연장돌봄사업에 60억원을 지원하여 사회적 안전망 구축에 기여할 예정이다.",긍정,긍정,긍정,"긍정,긍정,긍정,긍정","긍정, 긍정, 긍정, 중립, 긍정","KB금융, 보건복지부","아동 야간 돌봄, 업무협약",인프라 개선,"KB금융그룹, 보건복지부","아동 야간 돌봄 공백 해소, 업무협약, 지원",60억원
17,17179,"조주완 LG전자 사장 ""성공 아닌 '성장'에 주목하라""...부산대 특강",2025/10/03 15:54,"조주완 사장, 모교 부산대 찾아 대학생들에게 '성장'을 위한 도전 강조 ""실패든 성공이든 책임지는 경험"" 조언 LG전자,부산대 산학협력 30년 기념 업무협약 조주완 LG전자 사장이 지난 2일 부산대에서 '더 나은 삶을 만드는 경험의 혁신'을 주제로 강연을 하고 있다. LG전자 제공 ""지난 1987년 신입사원으로 금성사에 입사해 최고경영자가 되기까지 중요했던 것은 '성공'이 아닌 '성장'이었다. "" 조주완 LG전자 사장이 모교를 찾아 대학생들에게 '성장'을 키워드로 ""앞으로 어떤 위치에 있더라도 새로운 것을 계속 배워 그릇을 넓혀 나가 달라""고 당부했다. 3일 LG전자에 따르면 전날 조 사장은 부산대 기계관 대강당에서 부산대 재학생 300여 명을 대상으로 '더 나은 삶을 만드는 경험의 혁신'을 주제로 특강을 진행하며, 이같이 말했다. 삶에 대한 주인의식과 리더십도 강조했다. 조 사장은 ""주도적으로 목표를 세우고, 적극적으로 행동에 옮기고, 성공이든 실패든 결과에 대해 확실 책임져 보는 경험이야말로 인생에 강력한 무기가 될 것""이라며 ""여러분은 여러분 인생의 주인이며, 리더이자 총 책임자""라고 말했다. 조 사장은 부산대 기계공학과 81학번다. 연세대 경영학 석사이기도 한 조 사장은 LG전자에서 캐나다 법인장,북미지역 대표 겸 미국 법인장, LG전자 최고전략책임자를 거쳐 2022년부터 대표이사로 LG전자를 이끌고 있다. 조주완 LG전자 사장이 지난 2일 LG전자와 부산대 간 30년 산학협력을 기념해 부산대 측으로부터 감사패를 전달받고 있다. LG전자 제공 이번 강연은 LG전자와 부산대 간 산학협력 30주년을 맞아 마련됐다. 조 사장은 대학생들이 미래 인재로 성장할 수 있도록, 경력관리 계획을 세우라고 진심어린 조언을 전했다. 이 자리에서는 LG전자의 고객 중심 기술 개발, 미래 사업 준비에 대한 소개도 이어졌다. 조 사장은 ""청정 기술에 순환 기술을 더해 공기청정기의 판도를 바꾼 퓨리케어 360 는 미세먼지가 심한 날 창문을 활짝 열고 공기청정기를 트는 고객의 생활 포습을 포착해냈던 게 시작이었다""고 말했다. 이 밖에 자율주행차 내부 고객경험 연구등도 언급했다. 조 사장은 청년 인재들과 접점을 넓혀왔다. 지난 4월에는 서울대 전기·정보공학부 재학생 200여명 대상 CEO 특강을 했으며, 지난해에는 미국 캘리포니아에서 해외 우수 인재 확보를 위해 '북미 테크 콘퍼런스'를 직접 주관했다. 이날 LG전자와 부산대는 지난 30년간의 산학협력 성과를 기반으로 향후에도 미래 지향적 협력관계를 강화하자며, 미래 원천기술 연구, 우수 인재 양성, 신사업 창출 등에 관한 업무협약을 체결했다. LG전자는 현재 부산대와 미래성장 영역에서 핵심 기술분야 산학협력 과제를 진행하고 있다. 지난 7월부터는 부산대학교, 킹사우드대학교, 셰이커 그룹 등과 협력해 혹서지 환경에 대응한 냉난방공조기술 공동 연구를 진행하고 있다.",LG전자,"LG전자, 부산대, 산학협력, 업무협약, 조주완 사장",긍정,"LG전자 조주완 사장이 모교인 부산대에서 강연을 하고 산학협력 30주년을 기념해 미래 기술 연구, 인재 양성, 신사업 창출을 위한 협력을 강화했다.",긍정,긍정,긍정,"긍정,긍정,긍정,긍정","중립, 중립, 긍정, 긍정, 중립","조주완 사장, LG전자, 부산대","산학협력, 업무협약",특강,"LG전자, 조주완 사장","강연, 인재 양성, 기술 연구, 신사업 창출",부산대
18,17201,"유통가 레이더 '어쩔수가없다·태양의서커스도 함께'... CJ, 10월 문화의...",2025/10/03 15:18,"CJ그룹이 10월 문화의 달을 맞아 CJ도너스캠프를 통해 전국지역아동센터 아동을 대상으로 영화, 클래식 등 다양한 장르의 객석나눔을 진행합니다. '경제적, 환경적 요인에 따라 문화 향유 기회에 격차가 생겨서는 안 된다'는 CJ그룹 이재현 회장의 신념이 잘 드러나는 프로그램인 객석나눔은 CJ의 문화 인프라와 여러 기관 및 단체와 협력해 아이들이 보다 양질의 문화콘텐츠를 관람할 수 있도록 지원하고 있습니다. 한편 이디야커피는 3일부터 넷플릭스 시리즈 와 함께 특별한 협업 마케팅을 전개합니다. 이디야커피는 작품 콘셉트를 반영한 지니 텀블러 세트 를 전국 매장에서 한정 수량으로 출시하고, 3일부터 19일까지 이디야커피 신논현점에서 팝업스토어도 운영합니다. 이외에도 맥도날드의 지난 3년간 추석 연휴 기간의 매출이 최대 39%, 방문객 수는 13% 상승한 것으로 나타나는 등 오늘의 유통가 소식을 이 모았습니다. 지난달 27일 서울 용산구 CGV용산아이파크몰에서 진행된 영화 '어쩔수가없다' 객석나눔 무대인사에 참여한 배우들이 지역아동센터 교사 및 청소년들과 단체사진을 찍고 있다. CJ그룹이 10월 문화의 달을 맞아 CJ도너스캠프를 통해 전국 지역아동센터 아동들을 위한 영화, 서커스, 클래식 음악, 뮤지컬 등 풍성한 객석나눔을 진행한다고 3일 밝혔다. CJ그룹은 기업은 젊은이의 꿈지기가 되어야 한다 는 이재현 회장의 사회공헌 철학을 바탕으로 사회공헌재단인 CJ나눔재단의 대표 나눔 플랫폼 CJ도너스캠프 를 통해 아동·청소년을 위한 다양한 사회공헌 활동을 이어오고 있다. 특 CJ계열사 간 유기적인 협력 및 폭넓은 문화 산업 인프라를 기반으로 CJ만의 문화사회공헌 을 펼치고 있다. 2008년 시작된 객석나눔은 소외 아동·청소년에게 영화·공연·전시 등 다양한 문화 콘텐츠를 관람할 수 있도록 지원하는 프로그램이다. 경제적, 환경적 요인에 따라 문화 향유 기회에 격차가 생겨서는 안 된다는 CJ그룹 이재현 회장의 신념이 가장 잘 드러나는 프로그램 중 하나로, CJ의 문화 사업 자원과 재단의 취지에 공감하는 단체의 기부 및 후원을 토대로 진행되고 있다. 현재까지 누적 20만명이 넘는 아동들이 양질의 문화콘텐츠 관람 경험을 누렸다. 추석을 앞둔 10월 3일에는 지역아동센터 교사와 청소년들에게 박찬욱 감독의 영화 어쩔수가없다 객석나눔을 CGV왕십리에서 진행한다. 지난 달 27일 CGV용산아이파크몰에서 진행된 데 이어 두번째 객석나눔으로 감독과 배우들의 무대인사까지 더해질 예정이다. 이외에도 CJ임직원들의 어쩔수가없다 영화관람권 기부로 1,300여 명의 교사와 청소년들이 영화를 자율관람 할 수 있도록 모바일 티켓나눔도 진행한다. 오는 10일에는 CJ온스타일 및 공연제작사 마스트인터내셔널과 협력하여 태양의 서커스 쿠자 공연에 전국 지역아동센터 아동·청소년 1,200여 명을 초대한다. 2023년 태양의 서커스 루치아 공연에 800여 명을 초대한 것에 이은 대규모 객석나눔이다. 쿠자 는 2018년 초연 당시 관객 20만 5천명, 유료 객석 점유율 95%를 기록한 한국 투어 최고 흥행작으로 양질의 문화 체험을 접하기 어려웠던 아동들에게 세계적으로 유명한 공연을 체험할 기회를 제공한다. 17일에는 KBS교향악단의 기부로 예술의전당 콘서트홀에서 클래식 음악 객석나눔을 진행한다. 2022년부터 매년 3회 지역아동센터 아동들에게 객석나눔을 진행하며 현재까지 누적 470여 명에게 국내 최고 수준의 클래식 음악 공연의 경험을 선사했다. 이번 공연은 캐나다 토론토 심포니를 이끌며 세계적 명성을 쌓아온 피터 운지안의 첫 한국 지휘 무대와 신예 바이올리니스트 랜들 구스비의 국내 교향악단 첫 협연으로 특별한 의미를 더한다. 오는 25일부터는 예술의전당 CJ토월극장의 기부로 서울예술단의 창작가무극 전우치 객석나눔이 진행된다. 전우치 는 조선 중종 시대 실존 인물 전우치를 모티프로, 그가 남긴 신비롭고 기이한 행적과 설화를 현대적 감각과 결합해 새롭게 재창작한 판타지 총체극이다. 회차별로 10명씩 총 110명의 아동들을 초대할 계획이다. CJ나눔재단 관계자는 여러 기관과의 협력으로 평소 문화 체험을 접하기 어려웠던 아동들에게 양질의 문화콘텐츠 관람 경험을 지원하고 있다""며, 앞으로도 모든 아이들이 문화를 통해 새로운 꿈을 키울 수 있도록 다양한 문화사회공헌 활동을 지속 전개할 계획 이라고 전했다. 이디야커피가 10월 3일부터 넷플릭스 시리즈 와 함께 특별한 협업 마케팅을 전개한다. 이번 협업은 작품 콘셉트를 반영한 한정 굿즈와 팝업스토어, 다양한 고객 참여형 이벤트를 통해 팬들과의 접점을 확대할 계획이다. 넷플릭스 시리즈 는 태양의 후예 , 미스터 션샤인 등으로 잘 알려진 김은숙 작가의 신작으로, 천여 년 만에 깨어난 경력 단절 램프의 정령 지니가 감정 결여 인간 가영을 만나 세 가지 소원을 놓고 벌이는 스트레스 제로 판타지 로맨틱 코미디다. 이디야커피는 작품 콘셉트를 반영한 지니 텀블러 세트 를 전국 매장에서 한정 수량으로 출시한다. 해당 세트는 블랙 컬러 배경에 드라마의 상징 디자인을 입 고, 핸들형 리드를 더해 실용성과 휴대성을 높인 지니 텀블러와, 스테디셀러 크리미 초코 쿠키 에 새로운 패키지를 입 지니 감자쿠키로 구성됐다. 서울 강남구 이디야커피 신논현점에서는 10월 3일부터 19일까지 팝업스토어가 운영된다. 작품 콘셉트를 반영한 비주얼 전시와 함께, 한정 메뉴 램프 라떼 아트 도 선보인다. 램프 라떼 아트 는 카푸치노 콜드브루 화이트 비엔나로 구성되며, 음료 위에 램프 모양의 스텐실 토핑을 더해 시각적 재미를 더했다. 해당 메뉴를 구매한 고객에게는 선착순으로 아크릴 키링을 증정한다. 온라인 이벤트도 진행된다. 이디야커피는 10월 3일부터 19일까지 공식 홈페이지에서 관련 퀴즈 이벤트를 열고, 정답을 맞 고객 중 추첨을 통해 지니 텀블러 세트 와 이디야카드 상품권을 증정한다. 인스타그램 채널에서는 3일부터 19일까지 팝업스토어 방문 인증 이벤트를 진행하며, 참여 고객에게 콜라보 굿즈와 아크릴 키링을 증정한다. 이디야커피 관계자는 국내외에서 많은 주목을 받고 있는 넷플릭스 시리즈 와의 협업을 통해 브랜드의 경쟁력을 강화하고 고객에게 새로운 경험을 제공하고자 했다 며 앞으로도 트렌드를 반영한 다양한 마케팅 활동을 이어갈 것 이라고 말했다. 맥도날드가 최근 3년간의 데이터를 분석한 결과, 추석 연휴 동안 매출과 방문객이 꾸준 증가한 것으로 나타났다. 데이터 분석 결과, 맥도날드의 추석 연휴 기간 매출은 같은 해 평균 매출 대비 2022년 14. 2%에서 2023년 20. 1%, 2024년 39%로 매년 상승세를 기록하고 있다. 방문객 수 역시 2022년 4. 5%, 2023년 5. 1%, 2024년 13. 2% 늘어나며 추석 연휴 동안 고객 유입이 지속적으로 확대되고 있는 것으로 나타났다. 이 같은 성과는 가장 먼저 차량 이동 중 이용 편의성 덕분으로 분석된다. 전국 400여 개 매장 중 약 60%에서 드라이브 스루를 운영하는 맥도날드는 귀성·귀경길 고객들에게 빠르고 간편한 식사 장소로 자리매김하고 있다. 또한 IC 인근과 휴게소 매장 입점을 통해 장거리 이동 시에도 높은 접근성을 제공 중이다. 온 가족이 함께 즐길 수 있는 메뉴 구성과 합리적인 가성비로 명절 준비에 바쁜 가족과 친척들이 부담 없이 찾을 수 있다는 점 또한 인기 요인이다. 맥도날드는 해피밀 , 빅맥 등 어린이부터 어른들까지 온 가족이 함께 즐길 수 있는 메뉴 구성을 갖추고 있다. 또한 점심 시간 할인 플랫폼 맥런치 와 인기 스낵 할인 해피 스낵 까지 준비돼 인기 메뉴들을 가성비 있게 즐길 수 있다는 점도 장점으로 꼽 다. 맥도날드 관계자는 추석 연휴는 이동이 많고 가족 단위 고객이 증가하는 시기인 만큼, 빠르고 간편하게 모두가 즐길 수 있는 메뉴를 제공하고 있다는 점이 매출과 방문객 증가에 기여한 것으로 보인다 며, 앞으로도 고객들이 필요로 하는 서비스와 메뉴를 지속적으로 제공하기 위해 노력하겠다 고 밝혔다. 롯데백화점이 인천점 1층에 이탈리아 하이 주얼리 브랜드 불가리 의 부티크 매장을 이달 1일 선보였다. 경기 서부권 최초 백화점 매장으로 공간 기획, 상품 구성, 고객 경험에 이르기까지 불가리가 추구하는 로마의 헤리티지를 오롯이 매장에 구현했다. 오감을 자극하는 공간 디자인이 정점이다. 그린티 향, 무라노 글라스 샹들리에, 질감을 살린 실크 장식 등 로마의 감성을 느낄 수 있도록 시각 경험 이상의 차별화 요소를 매장 곳곳에 적용했다. 구획에 있어서도 부티크 중앙에는 로마를 상징하는 오렌지와 황금빛 색감을 적용한 그랜드 쇼룸 갤러리 , 입구 측에는 주얼리 컬렉션을 갖춘 메인 쇼룸 및 워치 및 액세서리 공간 , 프라이빗 라운지 등을 조화롭게 배치해 프리미엄 공간 경험을 극대화했다. 제품에 있어서는 세르펜티 신제품 컬렉션 에서부터 최고급 옐로 골드 세르펜티 하이 주얼리까지 폭 넓게 만나볼 수 있다. 특 초소형의 골드 비즈 장식과 곡선형 디자인으로 재해석한 세르펜티의 신제품은 인천점 불가리 부티크 매장에서 가장 돋보이는 제품 중 하나가 될 것으로 전망된다. 매장 입구 중앙에는 특별한 미술 작품도 자리한다. 로마와 인천의 지도를 병합해 이탈리아와 한국의 만남을 상징하는 그림을 비롯해, 국내 미술 작가 이은우의 설치 작품 상투 도 전시해 불가리가 지속해 온 예술에 대한 후원의 의미를 담았다. 한편, 롯데백화점 인천점은 불가리 매장 오픈을 시작으로 프리미엄 리뉴얼 을 가속화한다. 오는 12월까지 럭셔리 RTW 조닝을 신설하고, 26년에는 명품 브랜드를 추가 유치할 계획이다. 강우진 롯데백화점 인천점장은 불가리는 프리미엄을 지향하는 롯데백화점 인천점이 궁극적으로 나아갈 방향을 상징하는 중요한 이정표 라며 앞으로도 남은 리뉴얼 계획을 순조롭게 추진해 나가 경기권 최대 프리미엄 백화점을 완성할 계획 이라고 밝혔다.","CJ, 롯데쇼핑","객석나눔, 마케팅, 매출, 팝업스토어, 부티크",긍정,"CJ그룹은 문화의 달을 맞아 객석나눔 행사를 진행하고, 이디야커피는 넷플릭스와 협업 마케팅을 펼치며, 맥도날드는 추석 연휴 기간 매출이 증가했으며, 롯데백화점은 불가리 부티크 매장을 오픈.",긍정,긍정,긍정,"긍정,긍정,긍정,긍정","긍정, 중립, 중립, 중립, 중립","CJ그룹,이디야커피,맥도날드,롯데백화점","객석나눔, 팝업스토어, 드라이브 스루, 부티크 매장","협업, 매출 상승","CJ그룹, 이디야커피, 넷플릭스, 맥도날드, 롯데백화점","객석나눔, 협업, 매출, 증가, 오픈",불가리 부티크 매장
19,17218,"KB금융, 보건복지부와 '야간 돌봄 공백 해소' 위한 민-관 협력 업무협약...",2025/10/03 14:30,"보건복지부의 아동 야간 연장 돌봄 사업 지원 위해 2026년부터 2028년까지 3년간 총 60억원 투입 야간 근로자·자영업자가 안심하고 생업에 전념할 수 있도록 민관 협력으로 사회적 안전망 강화 KB금융그룹이 2일, 여의도 KB국민은행 신관에서 정은경 보건복지부 장관과 양종희 KB금융그룹 회장이 참석한 가운데, 보건복지부와 아동 야간 돌봄 공백 해소를 위한 업무협약 을 체결했다. 이번 협약은 최근 잇따른 화재로 인해 아이들이 희생되는 안타까운 사고를 계기로, 보건복지부에서 추진하고 있는 아동 야간 연장 돌봄 사업 을 지원하고자 진행됐다. KB금융과 보건복지부는 기존 오후 8시까지만 운영되던 지역아동센터와 다함께돌봄센터 중 일부를 밤 12시까지 단계적으로 확대 운영한다. 부모의 부재 속에서도 아이들이 안전하게 지낼 수 있도록 야간 돌봄 공백을 줄이고, 야간에 근무하는 부모가 안심하고 생업에 전념할 수 있도록 지원한다. 정부와 민간이 을 모아 돌봄의 사각지대를 해소하는 이번 협업은 사회적 안전망을 한층 더 두텁게 만드는 모범적인 민·관 협력 사례가 될 것으로 기대된다. 이번 협약을 통해 KB금융은 2026년부터 2028년까지 3년간 총 60억원을 야간 연장 돌봄 사업에 지원한다. 이 예산은 아이들이 안전하고 편안하게 머물 수 있도록 야간 귀가 시 안전사고 책임보험 가입 등·하원 차량 운행 지원 침구류, 냉난방 장비 구비 노후 시설 환경개선 등 인프라 개선 및 이용자인 보호자와 야간 종사자들을 위한 이용자 원스탑 안내 체계 종사자 소진 방지 프로그램 운영 등에 사용될 예정이다. KB금융 양종희 회장은 아이들이 홀로 남겨지는 밤이 안전으로 채워지기를 바란다 라며 보건복지부와 함께할 수 있어 감사하고, 공공과 민간이 함께 돌봄 현장을 촘촘 잇는 협업을 통해 야간 근로자와 자영업자가 안심하고 생업에 종사할 수 있는 든든한 돌봄 안전망을 만들어 가겠다 고 말했다. 보건복지부 정은경 장관은 긴급 상황 발생 시 부모님들이 걱정하지 않도록 아동 야간 연장 돌봄에 대한 공적 지원 체계를 새롭게 구축 중이다. 야간에도 일하시는 맞벌이 부부와 그 아동 등을 위해 흔쾌 큰 지원을 약속해 주신 KB금융그룹에 정말 감사하다. 민-관 합동의 선도 모델로 야간 돌봄 공백 해소에 정말 큰 이 될 것으로 기대한다 고 밝혔다. 한편 KB금융은 돌봄 강화를 위한 현장 밀착형 지원을 꾸준 펼쳐 오고 있다. 지난해에는 소상공인의 저출생 부담 완화를 위해 전국 주요 8개 지방자치단체와 협력해 아이돌봄 서비스 및 육아휴직자 대체 인건비 등을 지원했고, 학교 현장에서는 초등 돌봄교실 신·증설과 거점형 돌봄센터 구축을 지원했다. 주요 계열사인 KB국민은행은 대표 사회 공헌 사업인 KB Dream Wave 2030 을 통해 학습·진로·인프라 세 가지 분야를 중심으로 미취학 아동부터 대학생까지 성장 단계에 맞춘 다양한 맞춤형 프로그램을 운영하고 있다.",KB금융,"아동 야간 돌봄, 업무협약, 보건복지부, KB금융그룹, 사회적 안전망, ESG",긍정,"KB금융그룹이 보건복지부와 아동 야간 연장 돌봄 사업 지원을 위한 업무협약을 체결하고, 2026년부터 3년간 60억원을 투입하여 야간 돌봄 공백 해소에 나선다.",긍정,긍정,긍정,"긍정,긍정,긍정,긍정,긍정,긍정","긍정, 긍정, 중립, 중립, 긍정, 중립","KB금융, 보건복지부","아동 야간 돌봄, 업무협약",사회적 안전망,"KB금융그룹, 보건복지부","아동 야간 돌봄 공백 해소, 업무협약, 지원",60억원
20,17309,"안랩, 사우디 GCF 2025서 사이버 보안 전략 제시",2025/10/03 11:46,"안랩이 지난 1일부터 2일까지 사우디아라비아 리야드에서 열린 국제 사이버 보안 포럼 Global Cybersecurity Forum Annual Meeting 2025 에 3년 연속 참가해 글로벌 보안 전략을 제시했다고 3일 밝혔다. 이번 포럼은 사우디아라비아 국왕 후원 아래 국가사이버보안부가 주최하는 국제 협력 강화의 장이다. 안랩 안철수 창업자가 사우디아라비아 리야드에서 열린 'GCF 2025'의 'Center for Cyber Economics 세션'에 참가했다. 안랩 제공 안랩은 2023년과 2024년 국내 보안 기업 중 유일하게 강석균 대표가 초청받아 참가했으며, 올해는 창업자 안철수와 강석균 대표가 함께 참석해 국가·산업·기술 전반의 글로벌 보안 과제에 대해 심도 있는 논의를 진행했다. 포럼 주제는 사이버 공간에서의 통합적 발전의 확장 이었다. 안철수 창업자는 2일 사이버 경제 센터와 세계경제포럼이 공동 주최한 Center for Cyber Economics 세션에 참여해 사이버 보안이 국가 경쟁력과 경제 성장의 핵심 인프라임을 강조했다. 그는 사이버 공격은 단순한 기술적 사건이 아니라 국가 경제와 글로벌 교역, 투자 신뢰를 흔드는 거시적 위험 이라며 사이버 보안 투자는 피해를 막는 비용이 아니라 새로운 가치와 성장을 창출하는 전략적 투자 라고 말했다. 금융, 헬스케어, 제조, 공급망 등 디지털 의존도가 높은 분야를 주요 취약 섹터로 지목하고 공공·민간 협력과 국제적 위협 인텔리전스 공유의 필요성을 강조했다. 안 창업자는 AI 기반 위협, 중요 인프라 공격, 지정학적 사이버 갈등을 거시경제적 파급효과가 큰 3대 트렌드로 꼽으며 사이버 보안은 단순한 보호가 아니라 성장과 혁신을 위한 인프라 라고 덧붙였다. 안랩 강석균 대표가 사우디아라비아 리야드에서 열린 'GCF 2025'의 SITE 주관 'Cyber CxO Meeting'에 참가했다. 안랩 제공 강석균 대표는 1일 SITE가 주관하는 제3회 Cyber CxO Meeting 에 참석해 글로벌 사이버보안 리더들과 국가별 보안 현지화 및 AI 기반 사이버 위협 대응 전략에 대해 논의했다. 그는 각국에서 데이터 현지화와 규제가 강화되는 상황에서 보안 기업은 현지 요건을 충족하는 동시에 글로벌 수준의 신뢰와 서비스 품질을 유지해야 한다 며 이 두 가지를 균형 있게 달성하는 것이 지속가능하고 회복력 있는 보안 생태계를 구축하는 핵심 이라고 말했다. AI 위협과 관련해 강 대표는 AI는 혁신의 도구인 동시에 공격자의 무기가 되고 있다 며 AI 기반 보안 전략은 선제적, 적응적, 지속적으로 진화해야 하며, 안랩은 자체 구축한 에이전틱 AI 보안 플랫폼 AhnLab AI PLUS 를 통해 탐지, 분석, 대응 역량을 고도화하고 있다 고 설명했다. 안랩은 지난해 SITE와 합작법인 라킨 을 설립해 현지 인프라 구축과 제품 현지화 개발을 추진해 왔다. 올해 하반기부터는 라킨을 통해 NGFW, IPS, XDR 제품 판매를 본격화하며 중동 지역 보안 생태계 확장과 경쟁력 강화를 이어간다. 향후 공급 제품 라인업 확대와 AI 및 OT 보안 분야 협력 범위 확장도 계획하고 있다. GCF는 2020년 사우디아라비아의 G20 의장국 활동의 일환으로 출범해 올해 5회차를 맞았다. 포럼에는 각국 정부 관계자, 기업, 학계 인사 등 글로벌 사이버 보안 전문가들이 참여해 산업 발전 방향과 국제 협력 기반 구축 방안을 논의한다. 올해 행사에는 콜린다 그라바르 키타로비치 전 크로아티아 대통령, 크리스 잉글리스 전 미국 국가 사이버 국장, 로버트 해니건 전 영국 GCHQ 국장, 조제 마누엘 바로주 전 유럽연합 집행위원장 겸 포르투갈 총리 등 글로벌 리더들이 연사로 참여했다.",안랩,"사이버 보안, GCF 2025, AI 보안, 사우디아라비아, 글로벌 보안 전략, 라킨",긍정,"안랩이 GCF 2025에 3년 연속 참가하여 글로벌 사이버 보안 전략을 제시하고, AI 기반 보안 플랫폼 및 중동 지역 보안 생태계 확장을 위한 계획을 발표함.",긍정,긍정,긍정,"긍정,긍정,긍정,긍정,긍정,긍정","중립, 중립, 중립, 중립, 긍정, 중립",안랩,"GCF 2025, 합작법인, 라킨","사우디아라비아, 참여",안랩,"사이버 보안, 생태계 확장, 판매",사우디아라비아